"","PseudoTime"
"AAATGCCGTCAAAGAT-1_2",16.2849917496599
"AAGACCTTCGCCTGAG-1_2",3.9888599432373
"AAGGCAGAGAAACGAG-1_2",7.83923099057233
"ACGCCGATCCTTGACC-1_2",24.1033692150008
"ACGGAGACAAGTCTGT-1_2",25.3893450742572
"ACGGGCTCATGATCCA-1_2",8.29110289564665
"ACTGATGGTTCGTGAT-1_2",16.4321114641185
"AGAGCGAAGAGAGCTC-1_2",22.8373705889395
"AGAGCTTTCCAGAGGA-1_2",0.512577147922022
"AGAGTGGGTTGGTGGA-1_2",24.7319358711683
"AGGCCACCAAGACACG-1_2",3.84709982737809
"AGGCCACTCAAGCCTA-1_2",18.8393775090542
"AGTAGTCAGGAGTTTA-1_2",3.51455138618607
"AGTCTTTTCGAGCCCA-1_2",3.39723657914462
"AGTTGGTTCCACGTTC-1_2",10.1401280033713
"ATCATCTCATGCCTTC-1_2",4.5105477987339
"ATCCACCCAGTTAACC-1_2",5.8165481296371
"ATGAGGGTCAGCCTAA-1_2",8.4454003132979
"ATTATCCCATCGACGC-1_2",23.9392683952344
"ATTCTACTCATTGCCC-1_2",13.9911912258198
"CAAGAAAGTCCGCTGA-1_2",3.28570461495222
"CAAGATCGTCATATCG-1_2",4.07029909260397
"CACAAACGTACAGTGG-1_2",6.87489637753625
"CACACCTGTCTGCAAT-1_2",4.75648996312136
"CACACTCGTCCGACGT-1_2",6.73540713685239
"CACATTTGTGACAAAT-1_2",23.6093832589663
"CACCACTGTGGTGTAG-1_2",9.05932817169744
"CACCACTTCGCCGTGA-1_2",3.78505260018109
"CAGCATAGTCGCCATG-1_2",5.70185052897188
"CAGCTAATCTGATTCT-1_2",4.91147672197151
"CAGCTGGGTGTGTGCC-1_2",4.91901142913361
"CAGCTGGTCTGACCTC-1_2",6.28023579195159
"CATCAGAGTAAACCTC-1_2",7.62251675156803
"CATCCACAGCGGCTTC-1_2",24.7329799844825
"CCAATCCGTCGAGTTT-1_2",2.62027388236366
"CCAGCGATCTGCGGCA-1_2",3.07748282671362
"CCCTCCTGTTGTCGCG-1_2",24.4941660837568
"CCGTGGAAGTTTAGGA-1_2",6.47758926904528
"CCTTCGATCCTCAATT-1_2",23.7000769798087
"CGACTTCGTCTTGATG-1_2",4.54285319892851
"CGATGGCCACGGACAA-1_2",11.0812925609598
"CGATGGCCAGCATACT-1_2",2.86098897672021
"CGATTGAGTCAAAGCG-1_2",3.86761083861783
"CGCTGGAAGGAGCGAG-1_2",24.655566231798
"CGGACACCATACCATG-1_2",0.129627905432359
"CGGACACTCTGCTTGC-1_2",20.8085809196661
"CGTCACTGTGCAACGA-1_2",3.18329637817497
"CGTGTAAGTGTGAATA-1_2",9.5728864948773
"CTAAGACTCACCTTAT-1_2",5.8120876962157
"CTGAAACCATTGGGCC-1_2",6.5248652504385
"CTGAAACTCGCCAGCA-1_2",8.76704192594209
"CTTAACTCATTACGAC-1_2",4.38699089566607
"CTTTGCGCAGGTCTCG-1_2",2.8122207814344
"GACCTGGAGGACTGGT-1_2",24.2645691873911
"GACGTTACATGCGCAC-1_2",24.1703608353117
"GACTGCGTCGGCGCAT-1_2",12.1259902079046
"GAGCAGATCCGTCATC-1_2",5.42463320029342
"GCATGATAGGACAGCT-1_2",3.9972249021135
"GCATGCGAGGCCGAAT-1_2",19.7537922353736
"GCTCCTACACACATGT-1_2",3.80218058440703
"GCTGCAGAGTAGTGCG-1_2",24.0310588719393
"GCTGGGTCAGCCTGTG-1_2",7.54049892349449
"GCTTCCACATGCCTAA-1_2",9.22413150221901
"GGACAAGCAAAGGAAG-1_2",22.8534897265189
"GGACATTGTAAAGGAG-1_2",11.3051706944768
"GGACATTGTAGGGACT-1_2",25.2961651036556
"GGACGTCCATGATCCA-1_2",13.9657472528443
"GGCAATTAGCACCGTC-1_2",6.63688659662702
"GGCCGATGTGAGGGTT-1_2",4.1152402098283
"GGCGTGTAGACAGGCT-1_2",3.63765673109402
"GGCTCGAAGACAAAGG-1_2",2.35799230636199
"GGGAGATAGCGATATA-1_2",17.7463990178013
"GGGTCTGGTACCATCA-1_2",22.5180241358165
"GGTATTGAGATCCGAG-1_2",6.56576899041299
"GTAGTCATCACGACTA-1_2",4.99252631388949
"GTCACAAGTACATCCA-1_2",4.24671868688023
"GTGCTTCCATGCCACG-1_2",9.5728864948773
"GTGTTAGCACCAGATT-1_2",7.88163326287828
"GTTCTCGTCTTGTCAT-1_2",15.1917228049552
"TAAGTGCCACCGAATT-1_2",1.17263379243045
"TACGGGCAGGTCATCT-1_2",13.531133179185
"TACGGGCGTCGCGAAA-1_2",9.41631873577377
"TACGGGCGTGATGTCT-1_2",2.4219361246308
"TAGACCAAGACACTAA-1_2",5.39579071726573
"TAGAGCTTCTATCCCG-1_2",0.938343124346652
"TAGTTGGTCCGAACGC-1_2",15.578124004009
"TATTACCAGTGAACAT-1_2",25.2866580464916
"TCAGCTCTCGGTTAAC-1_2",3.00087715942011
"TCGTAGAGTACAGTGG-1_2",14.8446168715662
"TCTCTAAAGCATGGCA-1_2",5.7121304314059
"TGACTTTTCCAAGTAC-1_2",1.11348431291119
"TGCGCAGAGCTGGAAC-1_2",11.8536129143777
"TGCGGGTAGGTTCCTA-1_2",9.15645416856295
"TGCGGGTTCACTTACT-1_2",4.72436150385456
"TGGCCAGTCTCCTATA-1_2",1.89039432970405
"TGGCGCACAGGCAGTA-1_2",24.151650083328
"TGGCGCAGTACTCTCC-1_2",2.67189965168061
"TGGGCGTAGCTCAACT-1_2",3.18607680434008
"TGGTTAGGTAGGCTGA-1_2",10.1727473059243
"TGTATTCCAAACAACA-1_2",20.4262983318481
"TGTCCCACACATCTTT-1_2",7.65778577013484
"TGTGGTATCGGCATCG-1_2",19.5402632662114
"TTAACTCAGCGATGAC-1_2",5.71987198823395
"TTAACTCAGCGCTTAT-1_2",4.47722931148303
"TTCGAAGTCAATCACG-1_2",23.4601918588836
"TTGAACGGTAGCTGCC-1_2",13.1577350962516
"TTGTAGGTCGACAGCC-1_2",3.48723026731343
"TTTATGCCATTTGCTT-1_2",16.7895078417334
"TTTCCTCCAATCCGAT-1_2",1.84059941049587
"AAATGCCAGTACTTGC-1_3",6.81665882551282
"AAGCCGCGTCGCATAT-1_3",17.7477263553618
"AAGGAGCCACTCGACG-1_3",11.3872709327229
"AAGGCAGGTAGATTAG-1_3",7.61770731802476
"AAGTCTGCAGCATACT-1_3",7.50980433760634
"ACACCAAGTCCGACGT-1_3",19.975631679347
"ACACCCTTCTGGTATG-1_3",24.0964534896428
"ACACTGATCTTGAGAC-1_3",12.675813102091
"ACCCACTCAGAGCCAA-1_3",5.34604399796063
"ACGAGCCCACAGACAG-1_3",12.4366412478399
"ACGATACCATGCATGT-1_3",5.5054841003948
"ACGCCAGTCATGTGGT-1_3",5.76889668718655
"ACGGGCTCAAGTAATG-1_3",4.50620652784134
"ACGTCAAGTGGCGAAT-1_3",15.1331190470771
"ACTATCTAGAGATGAG-1_3",17.0292162412324
"ACTTACTAGCGTTGCC-1_3",11.7581356363171
"ACTTACTAGCTAAACA-1_3",2.6546009443811
"ACTTGTTAGGTGATTA-1_3",4.51015002150272
"AGAATAGGTTCCCGAG-1_3",13.449658817937
"AGACGTTAGACTTTCG-1_3",16.3333144984306
"AGATCTGGTTCGGGCT-1_3",19.6282620318348
"AGCAGCCGTAGCTTGT-1_3",2.25677486608999
"AGCGTATAGTCCCACG-1_3",16.1633097111445
"AGCGTATCATCGATTG-1_3",4.66126872864274
"AGCGTCGGTCCAAGTT-1_3",4.68143390007849
"AGCTCCTCACCACGTG-1_3",23.3438107367294
"AGCTCTCCATTCTCAT-1_3",18.3961356617871
"AGGCCGTGTCAATACC-1_3",15.8143280526195
"AGGCCGTGTTACGACT-1_3",2.7430111674307
"AGGGAGTCAAAGCAAT-1_3",23.8187766761987
"AGTGAGGGTGTGCGTC-1_3",2.69580101784755
"AGTTGGTCAACAACCT-1_3",16.9529015978413
"ATCCACCGTCTGCAAT-1_3",16.7162931899447
"ATCTACTTCGTAGGAG-1_3",23.0470547421461
"ATCTGCCGTGGTAACG-1_3",24.215251855009
"ATGGGAGCAAGTAATG-1_3",6.96471801685083
"ATTACTCGTACAAGTA-1_3",21.4149736512849
"ATTATCCCAAGTACCT-1_3",1.8333243584069
"ATTTCTGCACATGTGT-1_3",6.20402537779344
"ATTTCTGTCGTTGCCT-1_3",20.2997528805966
"CACACCTCATCACAAC-1_3",2.01403181797516
"CACACTCCAATGAATG-1_3",12.0956299140401
"CACAGGCTCAGCGATT-1_3",9.67562226445085
"CACATAGAGGGCACTA-1_3",5.56026480325427
"CACATTTAGTGTACTC-1_3",13.7594573687313
"CACATTTCACCAGGCT-1_3",15.4849769758737
"CACCTTGAGCGTTGCC-1_3",22.8414861773294
"CACTCCAAGGATATAC-1_3",23.0484911469695
"CAGAATCGTAGCGATG-1_3",17.7596345543174
"CAGCAGCCACACATGT-1_3",7.72997328791934
"CAGCTAACAATAAGCA-1_3",21.1128082060231
"CAGCTAAGTTTAAGCC-1_3",10.0135804232589
"CAGCTGGCAGATGGGT-1_3",6.80610931433469
"CAGGTGCTCTCGATGA-1_3",25.3891988921268
"CAGTCCTTCCGAGCCA-1_3",6.47102131560614
"CATATGGTCCTCTAGC-1_3",2.5736066806563
"CATATTCGTTACTGAC-1_3",13.404390265578
"CATCAAGCAAAGCAAT-1_3",9.75931141467611
"CATCGGGGTCAGAGGT-1_3",11.2874513253558
"CATCGGGTCGAGGTAG-1_3",21.494833603774
"CATGGCGCAAGGGTCA-1_3",8.45898444718814
"CATGGCGTCTGGGCCA-1_3",10.0308306078367
"CATTATCGTAGAGGAA-1_3",6.88106078198101
"CCACGGAGTCCGAATT-1_3",19.9966275082594
"CCATTCGTCACAGTAC-1_3",3.47922503167886
"CCATTCGTCGCAAACT-1_3",12.2323055522427
"CCGGGATGTTTGTGTG-1_3",14.1785465243005
"CCGGTAGAGAGGGCTT-1_3",24.9846999099382
"CCTAAAGAGAAACGCC-1_3",17.1688511998196
"CCTCTGATCCGAATGT-1_3",24.3521802653266
"CCTTCCCGTAGGGTAC-1_3",11.9862012712905
"CGAATGTCAGAAGCAC-1_3",8.55509517788645
"CGATGGCCATAAAGGT-1_3",8.94950110549983
"CGATTGAAGCTGCGAA-1_3",14.4953135403517
"CGCCAAGAGGTCGGAT-1_3",14.5003351582624
"CGCCAAGGTTGATTCG-1_3",14.0746748821338
"CGCGTTTAGTGTGAAT-1_3",18.804674401152
"CGCTATCCAGCTGCTG-1_3",18.7249047341296
"CGGACACCACCTCGGA-1_3",16.3973960199643
"CGGACTGTCAAACAAG-1_3",7.05141066115214
"CGTCACTGTCATACTG-1_3",13.9523225247752
"CTAATGGTCGAGAACG-1_3",5.34735903657836
"CTACACCCATCAGTCA-1_3",1.98553982943893
"CTACGTCCACCAGCAC-1_3",4.37949766756835
"CTAGAGTTCGGCTACG-1_3",4.81425999521102
"CTCCTAGGTGGTTTCA-1_3",7.40752335962811
"CTCGGAGCAATGGATA-1_3",17.6648927243862
"CTCGGGAAGTCAAGGC-1_3",10.6044596901239
"CTCGTACTCTCTAAGG-1_3",12.3193625818905
"CTCTAATGTTCTCATT-1_3",24.3190829046448
"CTGAAACAGACTAGAT-1_3",3.84792589996265
"CTGCCTAAGTAGTGCG-1_3",2.29316957277484
"CTTACCGCAAGCCATT-1_3",2.91976235842328
"CTTAGGAAGTTCGCGC-1_3",3.8798949757078
"CTTCTCTAGATAGCAT-1_3",2.76766173216027
"CTTCTCTTCGAACTGT-1_3",23.0958334037171
"GACCAATGTACAGTTC-1_3",23.1039122436137
"GACGCGTGTGCCTGTG-1_3",17.2812339416675
"GACGGCTCAAATACAG-1_3",4.34372076815311
"GACTACATCTTGAGGT-1_3",21.9308165330207
"GACTGCGCAAGGACTG-1_3",5.69465654990346
"GATGCTATCTAACGGT-1_3",16.1404757032093
"GCACTCTCAAGTAATG-1_3",0.828111566467646
"GCATGCGAGTGTCTCA-1_3",19.5421863800246
"GCGCCAATCTTGTACT-1_3",4.8965269670415
"GCGCGATGTTCCACGG-1_3",14.5507927246359
"GCGCGATTCTTAACCT-1_3",19.6180027253494
"GCGGGTTAGTTCGCGC-1_3",6.05006083841211
"GGAAAGCCAGTTAACC-1_3",7.21026640371657
"GGAATAATCTAAGCCA-1_3",18.1834465317159
"GGACATTTCATGTCCC-1_3",16.3987386850807
"GGACGTCGTGCACTTA-1_3",9.35404171029385
"GGAGCAACATGCCACG-1_3",7.81148029960365
"GGATTACAGAACTCGG-1_3",9.40891254940451
"GGCTGGTCAAAGGTGC-1_3",11.2037344923132
"GGGCATCCACCACCAG-1_3",23.9980862764193
"GTAACGTAGCACCGTC-1_3",19.1775976153973
"GTAACGTCACGGTGTC-1_3",12.7454433449522
"GTACTCCAGTGAATTG-1_3",14.9594770067429
"GTAGGCCAGCTAGTCT-1_3",23.3783713615975
"GTAGTCAGTAAGTTCC-1_3",3.67233633703095
"GTATCTTAGGCCCTCA-1_3",25.8813049021208
"GTATTCTCACATGTGT-1_3",5.89599140157012
"GTCATTTAGGCCCGTT-1_3",12.2005570329993
"GTTCATTTCGGTTAAC-1_3",23.2106397000508
"TAAGAGAGTGTGGCTC-1_3",11.1344086460115
"TACAGTGTCATTCACT-1_3",13.35198406592
"TACGGTATCCTCAATT-1_3",10.8930519028519
"TACGGTATCTACCTGC-1_3",25.0113050193242
"TACTCATCAGTATGCT-1_3",23.9062886834705
"TACTCGCAGTGTGGCA-1_3",15.3624241067009
"TAGAGCTAGCTCCTTC-1_3",3.15436238764283
"TAGAGCTAGCTGAAAT-1_3",7.19793453289911
"TAGTTGGCATGAAGTA-1_3",3.29417386994376
"TATTACCAGTCGTTTG-1_3",6.56993253826674
"TCACAAGTCTTGGGTA-1_3",22.5056564522409
"TCACGAAGTTAGAACA-1_3",3.4593372495221
"TCAGATGCAATACGCT-1_3",6.2538893520727
"TCAGGATTCAGCTGGC-1_3",11.5071322985494
"TCATTACCATCCGTGG-1_3",19.0304850736829
"TCGCGTTTCCTCCTAG-1_3",3.05808172861746
"TCGCGTTTCGCCCTTA-1_3",2.40735825121575
"TCTTTCCGTGGTGTAG-1_3",9.95879917931594
"TGACAACCATTTCAGG-1_3",25.051363361445
"TGACTAGGTCGCCATG-1_3",20.6731864511588
"TGCCAAATCACGCGGT-1_3",13.0885839324888
"TGCCAAATCTTCCTTC-1_3",3.66570802777799
"TGCCCATAGGGAGTAA-1_3",3.10089854336242
"TGCTACCGTGTGGCTC-1_3",13.6702111298288
"TGCTACCTCGGCTTGG-1_3",21.8606451875828
"TTCCCAGAGTCTCAAC-1_3",1.90240139545043
"TTCGGTCCAGACTCGC-1_3",3.14191413610264
"TTCTCCTTCCAGTAGT-1_3",4.78110072790433
"TTGACTTTCCAACCAA-1_3",15.409826622965
"TTTGTCAGTCGAACAG-1_3",22.4680633048217
"TTTGTCAGTTAGGGTG-1_3",13.6028252021914
"AAACGGGAGGTGCTAG-1_4",16.9015594516527
"AAAGCAAGTATAGGTA-1_4",1.00048451405612
"AAAGCAATCAACCAAC-1_4",12.5556781618765
"AAAGCAATCATGTGGT-1_4",29.3769881413746
"AAAGTAGAGCCTATGT-1_4",3.74296311076921
"AAAGTAGGTAGCTTGT-1_4",6.56856227000392
"AAAGTAGGTATAAACG-1_4",10.7755948601938
"AAATGCCGTTAGAACA-1_4",5.60595392020494
"AACCATGCAGGAATCG-1_4",19.1879685613614
"AACCGCGCACCAGGCT-1_4",10.3277772598148
"AACCGCGGTTACGCGC-1_4",29.7358656950218
"AACGTTGCACAGAGGT-1_4",17.3004888101211
"AACGTTGGTATATGAG-1_4",9.39341251658935
"AACTCAGTCGCAGGCT-1_4",7.63736464910867
"AACTCTTAGAAACGCC-1_4",7.62224024285822
"AACTCTTTCAAGGCTT-1_4",2.09434041623092
"AACTGGTCAGTGACAG-1_4",8.03523795414269
"AAGACCTAGCTGCGAA-1_4",3.65613259272674
"AAGCCGCAGCACACAG-1_4",7.77282282629079
"AAGGAGCAGATGTGGC-1_4",13.9213210209426
"AAGGAGCCAAGAGGCT-1_4",18.4636215190738
"AAGGAGCGTGCTGTAT-1_4",3.48895246141692
"AAGGCAGAGTCGTTTG-1_4",14.5494197214534
"AAGGCAGGTTCGAATC-1_4",6.48353483101871
"AAGGCAGTCTGTCAAG-1_4",31.5908822829897
"AAGTCTGCATGTAAGA-1_4",17.3552093698228
"AAGTCTGGTCAGGACA-1_4",11.6896939743238
"AAGTCTGTCAACGCTA-1_4",13.3704642584874
"AATCCAGGTCTCATCC-1_4",31.6584355550409
"ACACCAACAATGGTCT-1_4",7.19203027358504
"ACAGCTACAAAGTGCG-1_4",21.1405735152997
"ACATACGTCATGCATG-1_4",5.99097991983802
"ACCAGTAGTTACAGAA-1_4",23.5210936444717
"ACCAGTATCATGTAGC-1_4",12.4836854529867
"ACCCACTCACGGTAAG-1_4",13.4853770543077
"ACCCACTTCCGTCATC-1_4",9.16800071096491
"ACCGTAAAGACTGGGT-1_4",8.67772596354342
"ACCTTTACAATGTTGC-1_4",8.95488125229
"ACGATACCAGCGTTCG-1_4",17.4249770272392
"ACGATGTTCGTCTGAA-1_4",10.7371823735036
"ACGCAGCTCTGATACG-1_4",8.81379420115806
"ACGCCGACAGGATCGA-1_4",4.17735756133814
"ACGCCGAGTAAGAGGA-1_4",29.2484930061316
"ACGGGCTTCTGCCAGG-1_4",14.6789860449342
"ACGGGTCCAATGGAAT-1_4",6.4390671118813
"ACGTCAACATCACCCT-1_4",17.4366192965506
"ACTATCTAGTGTCTCA-1_4",0.42322149257517
"ACTGAACTCCAAAGTC-1_4",19.4527652787982
"ACTTACTAGGGTCGAT-1_4",15.546239539969
"ACTTACTAGGGTTTCT-1_4",20.5246643967166
"ACTTGTTAGAGATGAG-1_4",7.32314068821325
"ACTTTCAAGCCAGTTT-1_4",6.97284718175711
"ACTTTCACATGGTTGT-1_4",0.144645036606292
"AGAATAGGTGATGTGG-1_4",16.4233133534701
"AGAGTGGGTTAGGGTG-1_4",17.4579837178152
"AGATTGCCATACGCTA-1_4",10.4829520738406
"AGATTGCGTCTCTTTA-1_4",4.11111203501283
"AGATTGCTCACAATGC-1_4",9.34029538540615
"AGCAGCCGTATAATGG-1_4",16.519505692062
"AGCAGCCGTCCAAGTT-1_4",7.18735245061832
"AGCCTAATCTACCAGA-1_4",13.75317917126
"AGCGTATGTCGATTGT-1_4",7.19103682701634
"AGCTCCTTCGGAGGTA-1_4",12.8273889321505
"AGCTCTCGTAACGTTC-1_4",24.4435590333808
"AGCTTGACAGGCGATA-1_4",9.25938879761771
"AGGCCACTCACAACGT-1_4",16.7421847122902
"AGGGAGTAGTTCGCAT-1_4",7.25471348728807
"AGGGAGTTCATATCGG-1_4",11.9689443597981
"AGGTCATGTTCTGTTT-1_4",3.47212345147098
"AGGTCCGTCTTGCCGT-1_4",14.7360787152708
"AGTGAGGGTCGAACAG-1_4",12.0051552868794
"AGTGTCAGTTGTTTGG-1_4",9.96807026788589
"AGTGTCATCTGTCTAT-1_4",4.24265037834568
"AGTTGGTAGGCGATAC-1_4",19.6913044697549
"AGTTGGTCAGTCTTCC-1_4",27.9665108075245
"AGTTGGTGTCTACCTC-1_4",22.4899240527824
"AGTTGGTTCTTGGGTA-1_4",17.7825433231022
"ATAACGCAGCTTTGGT-1_4",17.269141609999
"ATAAGAGAGTGCAAGC-1_4",18.596274396203
"ATAAGAGTCCCGGATG-1_4",11.9876161832437
"ATCACGAAGCGGATCA-1_4",9.23231793758825
"ATCACGACACCAACCG-1_4",11.250293056891
"ATCATCTAGTGGTAAT-1_4",7.93079211371406
"ATCATCTGTAAACCTC-1_4",1.26202820465015
"ATCATCTTCCACTGGG-1_4",27.5609042265841
"ATCCACCAGCGGATCA-1_4",7.99233043738216
"ATCCGAACATGCTGGC-1_4",11.6566952583999
"ATCGAGTCACTGTGTA-1_4",13.8512293168537
"ATCTACTGTCGCATCG-1_4",30.0370169018047
"ATCTGCCTCCTGTACC-1_4",20.4210505691079
"ATGCGATCACATGTGT-1_4",7.06765928235838
"ATGGGAGGTACACCGC-1_4",30.5330444670678
"ATGTGTGGTACAGTTC-1_4",23.6863119317053
"ATTACTCCAGACGCCT-1_4",32.8467549390796
"ATTATCCAGATGGGTC-1_4",21.6134193683059
"ATTCTACTCCAAACTG-1_4",7.09574797402866
"ATTGGACTCAGGCAAG-1_4",16.1085449077026
"ATTGGTGTCGTTACGA-1_4",3.09487622338437
"CAACCAAAGTAGGTGC-1_4",5.99496056316009
"CAACCTCAGCGTAATA-1_4",10.1373434330307
"CAACTAGGTGAAGGCT-1_4",8.86456356611233
"CAAGAAAGTCCGAACC-1_4",25.3240402027022
"CAAGAAAGTTACCGAT-1_4",6.53952466487153
"CAAGAAATCCACTGGG-1_4",19.1410476273135
"CAAGATCTCTACTTAC-1_4",12.2976438211334
"CAAGGCCAGCACACAG-1_4",13.0180551634678
"CAAGTTGCACGTCTCT-1_4",8.99297117284522
"CACACCTAGACACTAA-1_4",13.6838587147128
"CACAGGCCACGGCTAC-1_4",13.4325892283632
"CACATAGCACATGACT-1_4",5.71827923021527
"CACCAGGCAATGGTCT-1_4",12.1444242360972
"CACCAGGGTTTCGCTC-1_4",2.9008675208901
"CACCTTGCAGATGGGT-1_4",19.9224497044458
"CACCTTGGTGGTTTCA-1_4",12.5834591573972
"CACCTTGGTTCAGACT-1_4",25.4885913545033
"CACCTTGTCTTGGGTA-1_4",11.3597542505782
"CACTCCATCACAGTAC-1_4",20.9070814648043
"CAGAATCAGGTGGGTT-1_4",6.7096700222478
"CAGATCAGTTAAAGTG-1_4",19.8758460215472
"CAGCAGCGTTCCACTC-1_4",9.55935344171672
"CAGCATAAGAGACTAT-1_4",32.2570604120777
"CAGCATACATCTATGG-1_4",31.0838039553995
"CAGCCGAAGCCGCCTA-1_4",29.0430862041116
"CAGCTAAAGTGACTCT-1_4",15.8111618433933
"CAGCTAAGTGTAATGA-1_4",4.89655039490741
"CAGCTGGAGATCCCGC-1_4",3.45689688502364
"CAGGTGCTCTGTACGA-1_4",20.59434797647
"CAGTAACTCTACTATC-1_4",29.4446136948308
"CAGTCCTTCCGAACGC-1_4",9.44053025746781
"CATCAAGAGGGCATGT-1_4",6.04611992858926
"CATCAAGTCCTTAATC-1_4",11.2485166000964
"CATCAGAGTCAATACC-1_4",9.32915145661784
"CATCAGATCGGCTTGG-1_4",32.3107537319655
"CATCGAACAGCCACCA-1_4",6.53952466487153
"CATCGAAGTTGGGACA-1_4",6.03896544545205
"CATCGAATCACAAACC-1_4",12.6229979319642
"CATCGGGAGGTGTGGT-1_4",27.8545620947763
"CATCGGGCAATGCCAT-1_4",10.1076324405913
"CATCGGGTCCACGCAG-1_4",24.0266680605275
"CATGGCGCAGGTTTCA-1_4",4.99623777898788
"CATGGCGGTCGACTGC-1_4",32.2570604120777
"CATGGCGGTGTTAAGA-1_4",5.26107112794984
"CATTCGCTCGTAGATC-1_4",4.65522048660818
"CATTCGCTCGTGACAT-1_4",11.3416958196701
"CATTCGCTCTTGTTTG-1_4",6.77173790470886
"CCACGGAAGAGGTTAT-1_4",25.5964965149646
"CCACGGATCGCCAGCA-1_4",3.98760118401722
"CCAGCGAAGACAAGCC-1_4",7.54578716666335
"CCAGCGATCACAGGCC-1_4",7.2312514806956
"CCCAATCAGACTGTAA-1_4",12.3940600821728
"CCCATACCACACTGCG-1_4",11.3988539886182
"CCCATACCAGGACCCT-1_4",14.1354318061247
"CCCTCCTAGTGAATTG-1_4",28.5069799581227
"CCGGGATAGACTAGAT-1_4",9.83068287474877
"CCGGGATTCGATGAGG-1_4",1.54108088320185
"CCGGTAGTCCGTTGCT-1_4",5.46735219772593
"CCGTGGAGTCTTGATG-1_4",17.3531069022675
"CCGTTCATCAACGAAA-1_4",30.7591353410309
"CCTACACTCAACTCTT-1_4",21.1446483449702
"CCTACCAAGAAGCCCA-1_4",5.01452903138152
"CCTCAGTCACGAAATA-1_4",5.4340913420012
"CCTTCGAGTCTCACCT-1_4",23.459616870841
"CCTTCGAGTGCCTGTG-1_4",5.35833956775133
"CCTTTCTAGGGATACC-1_4",22.2411376457655
"CCTTTCTGTGTCAATC-1_4",32.2570604120777
"CGAACATAGACTTTCG-1_4",11.8312689897682
"CGAATGTAGTATGACA-1_4",7.554605390964
"CGACTTCAGGCATGGT-1_4",23.3374756982052
"CGACTTCGTCGCATCG-1_4",4.75240595293045
"CGAGCACAGACTACAA-1_4",30.5030765814258
"CGAGCACAGCATCATC-1_4",11.963500157563
"CGAGCACGTTATCGGT-1_4",30.7880355092131
"CGATGGCCATCGGGTC-1_4",7.71449795449151
"CGATGGCGTTAGATGA-1_4",26.3889478139559
"CGATGTACACACAGAG-1_4",3.93339076171672
"CGATGTACAGATCCAT-1_4",28.8157187481231
"CGATGTAGTATAAACG-1_4",2.6919688209471
"CGATTGACATCACGTA-1_4",6.05743555757904
"CGCCAAGTCACATACG-1_4",24.0432938538054
"CGCGGTATCCGCAAGC-1_4",2.29730647225734
"CGCGTTTGTCAGAATA-1_4",2.44966228973276
"CGCGTTTTCGAGCCCA-1_4",10.4851262091495
"CGCTATCAGCGTGAGT-1_4",16.0697609922878
"CGCTATCGTAGGGACT-1_4",26.3596722599633
"CGCTTCAAGAAACCGC-1_4",4.35015484806686
"CGCTTCAAGCTACCTA-1_4",3.74291267602206
"CGCTTCAAGTTAAGTG-1_4",29.3769881413746
"CGCTTCATCGGATGGA-1_4",14.111819748107
"CGGACACTCTGTGCAA-1_4",12.4983380439748
"CGGACACTCTTGGGTA-1_4",14.3199462344773
"CGGACGTCAGCCTATA-1_4",4.7227880700152
"CGGACGTCATGGTCAT-1_4",6.12457077534618
"CGGAGTCAGATGGGTC-1_4",12.9176246662124
"CGGAGTCAGTCAATAG-1_4",7.59552684159791
"CGGAGTCTCACGAAGG-1_4",26.226671460437
"CGGCTAGCAGCCACCA-1_4",1.70209702135819
"CGGGTCAGTAGAGTGC-1_4",9.89039052798382
"CGTAGCGCACTCTGTC-1_4",27.680066871265
"CGTAGCGTCCGGGTGT-1_4",2.75416553240269
"CGTAGGCGTAGGCATG-1_4",25.2718468972826
"CGTAGGCTCTGAGGGA-1_4",0
"CGTCAGGCAAGCCGTC-1_4",32.2760788699631
"CGTGAGCCAGCTGCTG-1_4",5.81112114175482
"CGTGAGCTCCATGCTC-1_4",6.94442557632832
"CGTGTAACACAGGAGT-1_4",13.1598314390436
"CGTGTCTCAAGCGTAG-1_4",0.142789245538465
"CGTGTCTCAATGCCAT-1_4",30.5030765814258
"CGTGTCTCATCAGTCA-1_4",2.03038982837499
"CGTGTCTGTCTCATCC-1_4",8.84058550220003
"CTAACTTGTTCGGCAC-1_4",7.52769296201519
"CTAACTTTCCGGGTGT-1_4",12.0456488991254
"CTAATGGGTATGGTTC-1_4",12.2024778311829
"CTACGTCGTACTCGCG-1_4",14.5974436387082
"CTCACACAGGGAACGG-1_4",18.117391786458
"CTCACACGTCAGATAA-1_4",13.1049996400046
"CTCCTAGCACTTCTGC-1_4",0.351176438325734
"CTCGGGACAACAACCT-1_4",2.47153259228429
"CTCGGGACACCTATCC-1_4",2.99787065181695
"CTCGGGACATGCGCAC-1_4",27.0749738147202
"CTCGTCAGTTGGACCC-1_4",8.40306554671674
"CTCGTCATCACCGGGT-1_4",11.0793871548698
"CTCTAATTCCTGCCAT-1_4",6.11257505942576
"CTCTACGCACTAAGTC-1_4",10.7815192974066
"CTGAAACGTATAGGGC-1_4",5.08037602393104
"CTGAAACGTCCGTCAG-1_4",26.2310966870449
"CTGAAACTCCCAAGAT-1_4",20.4434081624902
"CTGAAGTGTCTAACGT-1_4",9.91500889488726
"CTGAAGTGTTCTGTTT-1_4",8.66341159828347
"CTGCCTACAAGTTGTC-1_4",13.8441915248301
"CTGGTCTAGGCCCGTT-1_4",0.276740998025519
"CTGGTCTTCAGCATGT-1_4",16.9512663257133
"CTGTGCTTCGGAAACG-1_4",4.84314823472946
"CTGTTTAGTACGAAAT-1_4",24.450200403119
"CTTAACTCAGTTTACG-1_4",6.66030879444026
"CTTACCGAGGGAGTAA-1_4",6.33791278374906
"CTTACCGGTGGGTATG-1_4",12.7488300128411
"CTTAGGATCGTTTGCC-1_4",19.8314589439998
"CTTCTCTGTTCCGTCT-1_4",7.75322821090246
"CTTGGCTAGAGAACAG-1_4",6.70973511110835
"CTTGGCTTCTCGATGA-1_4",30.8008148632069
"CTTTGCGCAAGTTCTG-1_4",15.7169244713716
"CTTTGCGTCTAACGGT-1_4",8.1927933130738
"GAAACTCAGACCACGA-1_4",31.7334961844584
"GAAACTCTCAGGCCCA-1_4",10.2235532178004
"GAAACTCTCCATTCTA-1_4",22.9964746396905
"GAAACTCTCGCTGATA-1_4",5.04803708569652
"GAAATGAAGCCTCGTG-1_4",6.86307737676465
"GAACATCGTCGCGGTT-1_4",8.20404198316346
"GAACATCTCCAAATGC-1_4",17.4064321198293
"GAACGGAGTGATGATA-1_4",16.8886341236976
"GAAGCAGCAGACTCGC-1_4",19.7789144035216
"GAAGCAGGTACTTCTT-1_4",3.51196654320275
"GAATAAGAGCGACGTA-1_4",13.0710834920921
"GACACGCGTCTAGCCG-1_4",13.6313325750321
"GACCAATCACACTGCG-1_4",7.4481548856385
"GACCAATGTTGAACTC-1_4",12.35990640989
"GACCTGGTCAGTCAGT-1_4",23.7067238434548
"GACGCGTAGGTGTGGT-1_4",26.1763881416241
"GACGCGTCAGATGGGT-1_4",31.6584355550409
"GACTAACAGGGTGTGT-1_4",8.55509517788645
"GACTACACACTCAGGC-1_4",8.98425087214647
"GACTACACACTGTTAG-1_4",9.05013670985947
"GACTGCGTCTCTAAGG-1_4",5.62954128990796
"GATCAGTTCTGATACG-1_4",9.03617856824468
"GATCGATCATTGGGCC-1_4",28.9043026616897
"GATCTAGAGTTCGCAT-1_4",4.84379256797794
"GATCTAGCACGGATAG-1_4",2.02301920998747
"GATCTAGGTAGTAGTA-1_4",28.8157187481231
"GATCTAGGTATCAGTC-1_4",9.5728864948773
"GATGAAACAGGGCATA-1_4",10.3838373044866
"GATGAAAGTGGCCCTA-1_4",5.45409272722162
"GATGAGGAGAGCTGCA-1_4",28.0357199661434
"GATGAGGGTACCGGCT-1_4",10.2178038001156
"GATGCTATCCTCAATT-1_4",26.4096237681357
"GCAATCAAGCTGAAAT-1_4",18.3895514706352
"GCACATACATCACGAT-1_4",10.5005170023845
"GCACATATCAACACGT-1_4",20.7496256977531
"GCACTCTGTCTAGGTT-1_4",4.87727473672184
"GCAGCCAGTAGCCTAT-1_4",2.07730771842856
"GCAGTTAAGTGGTAGC-1_4",13.8076686244825
"GCAGTTACATCTACGA-1_4",6.58198161612215
"GCATGATAGAGCTGGT-1_4",6.44553083681376
"GCATGATCAAGAAAGG-1_4",30.929525481933
"GCATGTAAGAGTACCG-1_4",29.6574035432777
"GCCTCTAAGGGATGGG-1_4",6.12613886567452
"GCCTCTAGTCGCGTGT-1_4",18.7485905916407
"GCGACCACATTGCGGC-1_4",6.73039459237757
"GCGCAACGTCCGTCAG-1_4",17.703946847649
"GCGCAACTCCAAGTAC-1_4",6.53952466487153
"GCGCAGTCAACGATGG-1_4",8.42677818587459
"GCGCAGTGTGGCAAAC-1_4",4.41122368880541
"GCGCCAAAGACCTTTG-1_4",2.77952128600541
"GCGCGATAGCCACTAT-1_4",10.2588289688655
"GCGCGATGTGCTAGCC-1_4",4.50327458277476
"GCTCTGTCACCGTTGG-1_4",3.01323104230852
"GCTCTGTGTCAGAATA-1_4",8.44671746909983
"GCTGCAGCAGATTGCT-1_4",8.37151117970114
"GCTGCGAGTAGCGTGA-1_4",30.5924089013879
"GCTGCGAGTCGCTTCT-1_4",3.96652211076519
"GCTGCGAGTGCCTGCA-1_4",25.936212356366
"GCTTCCACATCTCCCA-1_4",6.63132805240252
"GCTTCCAGTTCGGCAC-1_4",11.7662828587458
"GCTTGAAGTAGCTTGT-1_4",13.020818601455
"GGAAAGCTCCTTTCTC-1_4",28.8363985402447
"GGAACTTGTGTGAATA-1_4",8.37285625157945
"GGACATTCAGGTCCAC-1_4",11.7927569783438
"GGACATTTCGACAGCC-1_4",14.7191724258249
"GGACGTCAGTTCGATC-1_4",5.52911060075379
"GGACGTCCACCGATAT-1_4",9.07880615839156
"GGAGCAATCGCTGATA-1_4",3.40417993702523
"GGATGTTTCCTGTACC-1_4",3.22523500547869
"GGCCGATGTATCGCAT-1_4",6.08723093564091
"GGCGACTAGGATGGTC-1_4",15.1504482513579
"GGCGACTTCGGTCCGA-1_4",2.24984072093956
"GGCGTGTGTGCAGGTA-1_4",4.13713434731011
"GGCGTGTTCATGTCCC-1_4",12.2836542877732
"GGCGTGTTCGCGGATC-1_4",3.63694500025157
"GGCTGGTTCACCATAG-1_4",13.8672728143942
"GGGAATGCAGGACGTA-1_4",25.6226055087179
"GGGCACTTCAGTGCAT-1_4",20.8209120001954
"GGGTTGCCATGCCACG-1_4",26.2117516702536
"GGGTTGCGTCATATCG-1_4",22.5166504149772
"GGTATTGAGCTAACTC-1_4",7.63395953814076
"GGTGAAGAGAGTCTGG-1_4",10.36899516417
"GGTGCGTAGTGCCAGA-1_4",8.21799616178717
"GGTGCGTTCCATTCTA-1_4",9.02980205320844
"GGTGCGTTCCCTAATT-1_4",4.48621791996711
"GGTGTTAGTACAGTTC-1_4",12.2734794680236
"GTAACGTTCCGAACGC-1_4",30.0628854614972
"GTAACGTTCGGAATCT-1_4",15.5549363145499
"GTAACTGGTCTAGCGC-1_4",16.5908741227494
"GTAACTGTCTGAGTGT-1_4",0.560127656826315
"GTACTCCGTAGATTAG-1_4",22.8831775552474
"GTACTCCTCGGCATCG-1_4",16.102505307029
"GTACTTTCATCACGTA-1_4",4.14785363593323
"GTAGTCAGTACCTACA-1_4",3.21510127343173
"GTAGTCAGTCTTGCGG-1_4",3.59008362891825
"GTAGTCAGTGTGACGA-1_4",11.6961689779441
"GTATTCTGTCTTCAAG-1_4",6.08381071788438
"GTCAAGTAGAGAGCTC-1_4",25.2235361293533
"GTCAAGTCAAGTAGTA-1_4",30.9255797974139
"GTCATTTAGCTTTGGT-1_4",16.0612045710055
"GTCCTCAGTCATCGGC-1_4",28.0312403603659
"GTCCTCATCATGTAGC-1_4",13.2456400896051
"GTCCTCATCGCGATCG-1_4",26.3322497867084
"GTCGGGTCAAGCGTAG-1_4",11.5437719731292
"GTCGTAACAAGAAGAG-1_4",29.9383206725142
"GTCGTAACAATAGCAA-1_4",12.1421049988842
"GTCTTCGCAACACCCG-1_4",8.58642036987178
"GTGAAGGCATCGATGT-1_4",6.93691286430948
"GTGAAGGCATCTACGA-1_4",6.81497594069236
"GTGAAGGTCGTCTGAA-1_4",3.82853195932589
"GTGCAGCAGAATGTTG-1_4",22.1995368832439
"GTGCATAAGTGGGTTG-1_4",2.11820784253439
"GTGCATACACCACGTG-1_4",3.41238617269907
"GTGCGGTTCTGAGTGT-1_4",0.0913077330983989
"GTGCTTCCATTCGACA-1_4",32.2221030152713
"GTGGGTCAGGTAAACT-1_4",6.19110314248776
"GTGGGTCGTAAAGTCA-1_4",10.0468900243679
"GTGGGTCGTGAGGGTT-1_4",13.7557631139197
"GTGTGCGCATTAACCG-1_4",29.1543263823529
"GTGTGCGGTGCTCTTC-1_4",8.23721108764517
"GTTACAGCATTGTGCA-1_4",28.2510225733139
"GTTCATTCAAACTGCT-1_4",20.5362503806433
"GTTCGGGAGCCCAACC-1_4",30.135372263291
"GTTCGGGTCTTTAGGG-1_4",7.75618956599006
"GTTCTCGCAACTGCTA-1_4",10.5074102426648
"GTTCTCGGTCAACTGT-1_4",3.94855110812572
"GTTCTCGTCTTGGGTA-1_4",25.2475700505255
"GTTTCTAAGGACACCA-1_4",5.21132923393521
"GTTTCTAGTCACAAGG-1_4",9.23231793758825
"GTTTCTAGTGCGATAG-1_4",15.8824772647675
"TAAACCGTCAAACGGG-1_4",29.3769881413746
"TAAACCGTCGAGCCCA-1_4",6.72950318489067
"TAAGAGAGTGCCTGCA-1_4",27.5454585595787
"TAAGAGATCGCCATAA-1_4",11.7698626181711
"TAAGCGTGTAACGTTC-1_4",10.3399391615205
"TAAGCGTTCCGTAGGC-1_4",22.57238514258
"TAAGTGCGTCATATGC-1_4",31.4726215767798
"TAAGTGCTCAGTTCGA-1_4",22.5653270788237
"TAAGTGCTCATTATCC-1_4",3.27155457947418
"TACAGTGCAAGCTGTT-1_4",7.02003440843307
"TACAGTGCAGGCAGTA-1_4",7.72827386527855
"TACCTTAGTCCGTGAC-1_4",10.3396365309523
"TACGGATAGAGAGCTC-1_4",4.98459667769496
"TACGGATCAAAGCGGT-1_4",13.0257645864029
"TACGGGCTCAGTTAGC-1_4",22.4941064526385
"TACGGTAGTCCGACGT-1_4",17.8444708327831
"TACGGTATCTGGGCCA-1_4",11.1622834705023
"TACTCATCAGTATCTG-1_4",15.3365140497282
"TACTCGCTCAAAGTAG-1_4",24.7215602547537
"TACTTGTAGGGTATCG-1_4",7.92261996308395
"TACTTGTGTTCCACAA-1_4",13.8591182248667
"TAGACCAAGATCTGAA-1_4",9.50913277089256
"TAGAGCTAGTAGGTGC-1_4",15.1938985896282
"TAGAGCTCAACCGCCA-1_4",16.2966196167962
"TAGAGCTGTCGGCTCA-1_4",14.110302393376
"TAGCCGGTCGGCGCAT-1_4",16.2544218181663
"TAGGCATCATGCCCGA-1_4",5.31392243808455
"TAGGCATGTTGTCTTT-1_4",17.5952635290704
"TAGGCATTCCCTCAGT-1_4",14.6011050841391
"TAGTGGTAGGACAGAA-1_4",11.5476956898198
"TAGTGGTGTTTAAGCC-1_4",30.1951774377839
"TATCAGGGTCTTCTCG-1_4",20.9448422678488
"TATCAGGGTTATGTGC-1_4",15.7700777345734
"TATCTCACACGTCAGC-1_4",31.8465838147184
"TATCTCAGTTATGCGT-1_4",31.4708909841835
"TATGCCCGTACTCAAC-1_4",5.79477387894101
"TATGCCCGTAGGGACT-1_4",8.02792798516473
"TATTACCCAATGGAGC-1_4",2.64273129759314
"TCAATCTCAGTCAGCC-1_4",4.62496205578334
"TCACAAGAGAGAACAG-1_4",5.18303056764625
"TCACAAGGTTGTGGAG-1_4",10.8287614058974
"TCAGCAACAATGACCT-1_4",31.0753098677865
"TCAGCAATCAGTGTTG-1_4",8.856032072263
"TCAGCTCTCAACACGT-1_4",13.4795809678177
"TCAGCTCTCTCTGTCG-1_4",19.1397440641123
"TCCACACAGTAGGTGC-1_4",6.48724892313859
"TCGCGAGCACGGCCAT-1_4",23.8866612295365
"TCGCGTTGTATCAGTC-1_4",31.1012307734658
"TCGGTAACAGTATCTG-1_4",12.4193197124863
"TCGGTAAGTCGGCTCA-1_4",8.78776377203135
"TCGGTAAGTGATGATA-1_4",18.3039655653523
"TCGTACCTCCTTTCGG-1_4",8.22475372265874
"TCGTACCTCGGAGCAA-1_4",10.1469120514856
"TCGTAGACAACACGCC-1_4",9.5793175231361
"TCTGAGACACTGTGTA-1_4",30.1409249183353
"TCTGGAAAGCGACGTA-1_4",8.73398057074593
"TCTTTCCGTGTGAAAT-1_4",22.8909235171398
"TCTTTCCTCACATAGC-1_4",20.388075608245
"TGAAAGATCTACTCAT-1_4",16.5605791432456
"TGACAACTCCGGCACA-1_4",7.12076808711093
"TGACTAGCAACCGCCA-1_4",25.9096288345549
"TGACTAGGTGCATCTA-1_4",3.82068779092997
"TGACTAGGTTGATTCG-1_4",4.75728454260284
"TGACTTTTCTGCGACG-1_4",3.24419817369073
"TGAGAGGGTACCGTTA-1_4",9.55593544691016
"TGAGAGGTCCCTCAGT-1_4",28.5339903374111
"TGAGCCGAGGCATGGT-1_4",6.91338349719909
"TGAGCCGTCGCTTGTC-1_4",18.7208069294365
"TGATTTCTCCCAAGTA-1_4",29.1626705542953
"TGCACCTTCGTGGTCG-1_4",13.2575611414089
"TGCCAAAAGTTCGCGC-1_4",3.22221502670678
"TGCCAAATCGCAAACT-1_4",3.84792589996265
"TGCCCATCAAAGCAAT-1_4",7.36875555899704
"TGCGCAGAGTTATCGC-1_4",28.8923886051233
"TGCGGGTAGTTGTAGA-1_4",11.5393705560185
"TGCGGGTTCGGAAATA-1_4",10.2588289688655
"TGCGGGTTCGTATCAG-1_4",16.0713012527331
"TGCGTGGCATGACATC-1_4",15.7731726931469
"TGCTACCAGACAAAGG-1_4",4.33069907841027
"TGGACGCCATGGTAGG-1_4",9.6218418505327
"TGGCCAGAGTAGCGGT-1_4",10.1608151058017
"TGGCCAGCAGGTCCAC-1_4",3.47696798955429
"TGGCGCAAGCAACGGT-1_4",5.81233603543146
"TGGGCGTTCGACAGCC-1_4",9.69582198618802
"TGGTTCCCAAGTAGTA-1_4",2.5464487088515
"TGGTTCCGTTCCCGAG-1_4",9.03299208578067
"TGTATTCGTGGCGAAT-1_4",5.35344339652226
"TGTGTTTGTGATGATA-1_4",8.09560525366866
"TGTGTTTTCTGCGGCA-1_4",26.9408817932
"TGTTCCGTCCCTAACC-1_4",28.5428648029161
"TTAGGCAAGACAATAC-1_4",5.19601000782388
"TTATGCTAGGAGCGTT-1_4",5.01140146221036
"TTATGCTCAAAGCGGT-1_4",3.34585665794017
"TTCCCAGAGATCTGCT-1_4",4.5606817871252
"TTCGAAGGTCTCTTAT-1_4",9.35824903248567
"TTCGGTCCATCTCGCT-1_4",24.5416758461103
"TTCTCAATCAGGCCCA-1_4",4.06375527258293
"TTCTTAGTCACAAACC-1_4",7.21026640371657
"TTGCCGTAGGTGCTTT-1_4",0.718721703547621
"TTGCCGTGTGTTTGGT-1_4",8.86068836198962
"TTGCCGTTCGCCAGCA-1_4",23.8736182229923
"TTGGCAAGTAAACGCG-1_4",10.6341767548016
"TTGGCAAGTTTGGGCC-1_4",3.22312027126806
"TTTACTGAGAAGATTC-1_4",3.90685533777732
"TTTACTGCAGCATACT-1_4",9.75209995148846
"TTTACTGTCGAGGTAG-1_4",11.3876773294859
"TTTCCTCAGCAACGGT-1_4",10.0202685219542
"TTTCCTCAGTACGCGA-1_4",8.55509517788645
"TTTGGTTGTGCAGACA-1_4",6.87489637753625
"TTTGTCAAGAAAGTGG-1_4",15.2973641266602
"TTTGTCAGTGCACTTA-1_4",31.6684359916101
"AAACGGGTCAGATAAG-1_5",10.2604724136257
"AAAGATGAGGCTAGCA-1_5",24.101637686985
"AAAGATGTCCCTAACC-1_5",34.3730993097103
"AAAGCAAAGGAATTAC-1_5",21.0495199528168
"AAAGCAATCGCGTAGC-1_5",17.9246137689392
"AAAGTAGAGACGACGT-1_5",50.4632903243073
"AAAGTAGGTACATCCA-1_5",8.55509517788645
"AACCATGTCTGCAGTA-1_5",22.3820554606042
"AACTCAGGTCAGCTAT-1_5",34.4930280586379
"AACTTTCAGCTTATCG-1_5",46.0691270497771
"AACTTTCGTGATGCCC-1_5",33.8917978191665
"AAGACCTCACTGCCAG-1_5",35.153330691955
"AAGGAGCCAAGAGTCG-1_5",46.7055226891746
"AAGGAGCCACCAGCAC-1_5",42.6719062382832
"AAGTCTGAGATGCCAG-1_5",7.19605347783836
"ACACCAAAGGACCACA-1_5",40.9253294046336
"ACACCAACACTTAAGC-1_5",41.8263647769515
"ACACCAAGTTGCTCCT-1_5",44.0729601893719
"ACACCAATCAGCTCTC-1_5",40.56598124126
"ACACCAATCCCATTAT-1_5",15.9432809522254
"ACACCCTAGCTAGGCA-1_5",11.7865336772702
"ACACCCTGTCACCCAG-1_5",36.2715090478852
"ACACCGGTCTGGTTCC-1_5",28.3907202803571
"ACACTGATCGCGATCG-1_5",15.2128480720749
"ACAGCCGCACGAAATA-1_5",26.3908652466787
"ACAGCTACACCGCTAG-1_5",25.6832221099525
"ACATGGTGTCTTGTCC-1_5",38.9312803138655
"ACATGGTTCGCCGTGA-1_5",47.9767690489305
"ACCTTTATCTGTTTGT-1_5",50.2554281782229
"ACGAGCCAGGCTCATT-1_5",41.7489190204045
"ACGAGCCGTACCGTAT-1_5",31.0753098677865
"ACGATACGTTACGGAG-1_5",6.95020961348793
"ACGCCAGGTGTGCCTG-1_5",19.1460026804007
"ACGGAGAGTCAGTGGA-1_5",48.8004039564619
"ACGGCCATCTCCCTGA-1_5",35.9174023508625
"ACGGGCTCACTTACGA-1_5",7.5851724213737
"ACGTCAATCGCAAGCC-1_5",47.6741421174535
"ACTATCTAGACAGACC-1_5",40.2142316333968
"AGAATAGCAGTTCATG-1_5",11.4270506633133
"AGACGTTAGTACGATA-1_5",17.1883493834295
"AGACGTTAGTGTACCT-1_5",32.9438314961443
"AGAGCGACAGTACACT-1_5",47.1793880459674
"AGAGCTTGTCTCCATC-1_5",45.2594632894413
"AGAGTGGCAATGGAAT-1_5",50.2102452885896
"AGATCTGAGTAACCCT-1_5",39.9894304106495
"AGATTGCCAGAGCCAA-1_5",23.8439064469272
"AGCATACCATCGGACC-1_5",9.0687823224736
"AGCCTAAGTTCAGACT-1_5",11.4567657503731
"AGCCTAAGTTGTCTTT-1_5",46.5136239844546
"AGCGGTCAGACAGAGA-1_5",41.1807064650398
"AGCGGTCCAGACGTAG-1_5",45.6699301773583
"AGCGGTCCATTGGGCC-1_5",13.1643314771786
"AGCGGTCTCAAGAAGT-1_5",43.6571693509509
"AGCGTATAGCTGATAA-1_5",40.1453930203824
"AGCGTATTCACCGGGT-1_5",41.2174788020953
"AGCTCCTCATCCGGGT-1_5",49.7831303085554
"AGCTCTCAGATATGCA-1_5",8.90317995041003
"AGCTTGACAAACTGCT-1_5",10.0084084352293
"AGCTTGAGTCTTCTCG-1_5",42.7270321252007
"AGGCCGTAGGTGCAAC-1_5",15.9704475670535
"AGGGATGCAATAGCGG-1_5",49.5160310225119
"AGTCTTTCAAGACGTG-1_5",49.4134181351103
"AGTCTTTCAGGAATCG-1_5",36.0732365330399
"AGTCTTTGTGTCGCTG-1_5",31.1914018735075
"AGTGAGGCAGTCACTA-1_5",48.3189628065495
"AGTGGGAAGAGGGATA-1_5",18.78432630667
"ATAACGCAGAACTGTA-1_5",45.8414302236929
"ATAACGCCATCCGCGA-1_5",11.7903995242058
"ATAACGCGTATCACCA-1_5",39.7669239273331
"ATAAGAGAGGATGGTC-1_5",32.8275023394548
"ATAGACCTCCGCATAA-1_5",7.83147202739402
"ATCATCTCATCCAACA-1_5",18.9647076055069
"ATCATGGCATGCAACT-1_5",46.938701892085
"ATCCGAACAGACGTAG-1_5",24.9846999099382
"ATGAGGGAGACAAGCC-1_5",46.7793742250522
"ATGAGGGGTATAGGTA-1_5",35.971297239158
"ATGAGGGGTTTAGGAA-1_5",47.5685239205095
"ATGCGATGTCACCTAA-1_5",43.3728958876081
"ATGGGAGTCCTAAGTG-1_5",46.9718566304177
"ATGTGTGAGGAGTTTA-1_5",41.4967189169273
"ATTACTCCAACAACCT-1_5",50.1444910407139
"ATTATCCTCGACAGCC-1_5",20.8693224826341
"ATTCTACTCGCGTTTC-1_5",15.5605331164303
"ATTTCTGCACTTGGAT-1_5",28.0648029957185
"CAACCAACAAGCTGGA-1_5",3.87919910475513
"CAACCAATCATCGCTC-1_5",47.0056748717659
"CAACCTCGTGGGTCAA-1_5",40.5809091940639
"CAAGGCCGTATCAGTC-1_5",7.14746575556351
"CAAGTTGAGAGCTGGT-1_5",3.05149875715106
"CACACAAAGAGACGAA-1_5",47.1902127094621
"CACACAATCTCGGACG-1_5",23.34139107221
"CACACTCTCTGTTTGT-1_5",40.2727205729337
"CACAGTAGTTTCCACC-1_5",47.8861507379475
"CACATAGTCTCCAGGG-1_5",13.6349699085289
"CACTCCAAGAGTCGGT-1_5",3.46274442262598
"CACTCCATCGTTGACA-1_5",12.0305470431578
"CAGAATCGTGCAACGA-1_5",50.3193065015119
"CAGCAGCAGCACCGTC-1_5",14.8086284307227
"CAGCCGAGTTACAGAA-1_5",35.6264505917186
"CAGCGACGTACCTACA-1_5",13.9592424873088
"CAGCTAAAGGCTACGA-1_5",20.2441151034386
"CAGCTGGAGTGTCCAT-1_5",9.70601715519891
"CAGGTGCCAGTCCTTC-1_5",47.7883650436549
"CAGGTGCGTTCAACCA-1_5",40.3070617583133
"CAGTCCTGTGAGGGTT-1_5",13.3994309213067
"CATATGGTCCTTGGTC-1_5",3.05521715155553
"CATCAGAAGTAGTGCG-1_5",10.6386723377995
"CATCGAAAGTTGTAGA-1_5",24.4031238390455
"CATCGAATCATCTGCC-1_5",42.3317039339207
"CATGGCGTCACGACTA-1_5",29.1739333612208
"CATTATCGTGCCTTGG-1_5",15.5073036555495
"CCAATCCCAAGTTCTG-1_5",2.42103891519595
"CCAATCCCATTGAGCT-1_5",47.2248681992599
"CCAATCCTCAGCAACT-1_5",0.935492669402169
"CCACGGATCAGGATCT-1_5",9.11325066939361
"CCACGGATCGCATGAT-1_5",13.2199232632404
"CCACGGATCGCCATAA-1_5",41.2575422243689
"CCATGTCAGAATTGTG-1_5",46.6564898288845
"CCGGTAGGTACCGTTA-1_5",10.8542706142861
"CCGTGGACAGCTATTG-1_5",40.5471608544412
"CCTAAAGAGTGAAGAG-1_5",49.3433152943477
"CCTACCAGTAAGTGTA-1_5",49.4850922555383
"CCTACCATCTAGCACA-1_5",43.1510262718058
"CCTATTAAGAGTCTGG-1_5",2.77927740513348
"CCTCTGACATGATCCA-1_5",40.3503312908948
"CCTCTGATCCGCAGTG-1_5",14.6716375755211
"CCTTACGCAAGGGTCA-1_5",49.1534149726305
"CCTTACGGTACGACCC-1_5",50.3128731793782
"CCTTCCCAGATCTGAA-1_5",42.7113182088065
"CCTTTCTCACACATGT-1_5",39.3171118402328
"CCTTTCTGTAGCCTCG-1_5",8.12614707939494
"CGAACATTCACCCGAG-1_5",28.8157187481231
"CGAACATTCCCTAATT-1_5",41.7508293416975
"CGAATGTCATATGGTC-1_5",12.6994393465155
"CGACTTCAGGTGTGGT-1_5",23.4908490107641
"CGACTTCCACGAAAGC-1_5",47.1605668014328
"CGACTTCCACGCGAAA-1_5",39.8322160166496
"CGACTTCCAGACGCAA-1_5",42.5037652897476
"CGAGCCACAGATAATG-1_5",42.5201836146304
"CGATTGACATTTCAGG-1_5",24.9103114709376
"CGCCAAGAGCGATCCC-1_5",18.2697577850935
"CGCGGTAAGGCAGTCA-1_5",0.519661839475945
"CGCGTTTAGCATCATC-1_5",40.8507583559056
"CGGCTAGTCGACAGCC-1_5",45.5306897407111
"CGGTTAAAGTCGATAA-1_5",16.0824442936984
"CGGTTAATCAGCTCTC-1_5",11.5838584409788
"CGTAGCGAGCGTTGCC-1_5",32.1407429210459
"CGTAGGCAGGTGCACA-1_5",49.2190572508109
"CGTCACTTCAGGTTCA-1_5",39.1421856881656
"CGTCACTTCCAAATGC-1_5",18.9570875736567
"CGTCCATCAAGAGGCT-1_5",18.1416697437435
"CGTCTACGTAATCACC-1_5",16.7464975700379
"CGTGAGCAGTCATCCA-1_5",41.9611983993479
"CGTTGGGCAACTGCGC-1_5",23.5045485721126
"CTAACTTCACGTCTCT-1_5",15.6382183110632
"CTACATTTCTGGTATG-1_5",49.6546736028438
"CTACGTCAGCGTAATA-1_5",40.0373088224453
"CTACGTCCACAACTGT-1_5",13.095858616785
"CTAGAGTAGAGCTTCT-1_5",46.5455661946449
"CTAGAGTTCCGTCAAA-1_5",42.4534339733063
"CTCACACCACATGGGA-1_5",49.9198777488006
"CTCGAAATCCCTAATT-1_5",16.1474900615337
"CTCGGGAGTCCTGCTT-1_5",48.935766312338
"CTCGGGATCGGATGTT-1_5",40.9437268889778
"CTCGTACAGGAGTTGC-1_5",22.9862662234977
"CTCTAATAGCCCTAAT-1_5",40.2005007223204
"CTCTAATCACGGTTTA-1_5",10.8762219759596
"CTCTGGTCAATCGGTT-1_5",19.0185970851005
"CTCTGGTTCCGCATAA-1_5",47.2890396099229
"CTGAAGTCAGTGGGAT-1_5",50.1181522631733
"CTGATAGCAAATTGCC-1_5",22.6533771226561
"CTGATAGGTACTTCTT-1_5",47.5388401972694
"CTGATAGGTCAATACC-1_5",49.9869214309955
"CTGATAGTCCATGAGT-1_5",13.1197048849643
"CTGATCCAGTACGATA-1_5",49.9082265250619
"CTGATCCAGTGTCCCG-1_5",6.80525591046692
"CTGATCCGTCAATACC-1_5",15.0583441179679
"CTGCCTACAAAGAATC-1_5",22.6211365639261
"CTGCCTAGTGTGAATA-1_5",7.08194326303698
"CTGCTGTCACAGATTC-1_5",11.2990741039395
"CTGCTGTGTACCAGTT-1_5",44.2755192543536
"CTGTGCTTCGTCCGTT-1_5",41.130958003814
"CTGTTTAAGCAGCGTA-1_5",49.982414446275
"CTTAGGACAATAGAGT-1_5",47.9707516836847
"CTTAGGATCTAACCGA-1_5",33.7936333719035
"CTTTGCGAGATGCCTT-1_5",40.5940973316289
"GAAACTCGTTGGTTTG-1_5",12.463267362633
"GAAATGAAGCTCCCAG-1_5",42.5166081630031
"GAAGCAGCAAGGCTCC-1_5",7.7353195031702
"GAATAAGCATTAGGCT-1_5",11.8194960420226
"GAATGAACATCTCCCA-1_5",30.9291368667688
"GAATGAAGTTACGTCA-1_5",11.146581659652
"GACACGCTCTTGAGAC-1_5",10.7735005838262
"GACAGAGTCCAAAGTC-1_5",43.0897305746391
"GACCAATAGTGTTAGA-1_5",14.2525644905605
"GACCTGGAGGCCCTTG-1_5",46.5361923552443
"GACGCGTAGGGTCTCC-1_5",40.4914005560262
"GACGCGTTCCACGTTC-1_5",49.8071362142554
"GACGGCTCATCTACGA-1_5",32.1950637160371
"GACGGCTTCCGTTGTC-1_5",43.4670077160642
"GACGGCTTCGATAGAA-1_5",40.0811803558272
"GACGTGCAGATCGATA-1_5",14.6044885077216
"GACTAACCAATCACAC-1_5",32.8051701537702
"GACTGCGCAAGCGATG-1_5",47.5989034787866
"GACTGCGGTGCCTGGT-1_5",8.62227858513992
"GAGGTGATCGGCCGAT-1_5",47.2736107304123
"GATCGATTCGCGCCAA-1_5",40.5032111618044
"GATGAGGGTCGAGATG-1_5",41.2409346831165
"GATGAGGGTTGAACTC-1_5",15.7612199800845
"GCAAACTAGAACAACT-1_5",26.4403282608472
"GCAAACTGTCCAGTGC-1_5",12.0617661193714
"GCACATACATCCGTGG-1_5",19.2315310491794
"GCACATAGTGCCTGCA-1_5",40.2709928520711
"GCACTCTAGACAAAGG-1_5",48.6852376847271
"GCAGCCAAGTGGTAAT-1_5",44.9866345410282
"GCATGCGGTGCGATAG-1_5",48.9993791810201
"GCGCAACTCTTTAGTC-1_5",11.7139644858447
"GCGCAGTGTGACGGTA-1_5",40.5084582407472
"GCGCCAAGTGACCAAG-1_5",45.5813254930616
"GCGCGATAGCTGCAAG-1_5",41.218507927682
"GCGCGATCAGTAGAGC-1_5",47.5451491320508
"GCGGGTTGTAAGTGTA-1_5",31.3985573014937
"GCTCCTACAGGGTTAG-1_5",47.4130790883993
"GCTCCTATCGGCTACG-1_5",46.0112605631183
"GCTTCCACAAGAAGAG-1_5",49.9029037679532
"GCTTCCACAGGCTGAA-1_5",8.95868033653168
"GCTTCCAGTGTCCTCT-1_5",26.3671388350409
"GCTTCCATCTCCAGGG-1_5",15.4860431558766
"GGAACTTCACCGGAAA-1_5",25.5441419491303
"GGAATAAAGGACTGGT-1_5",47.1227118682684
"GGACAAGGTCCTGCTT-1_5",31.7084288041357
"GGACAAGTCTTTCCTC-1_5",40.3773863536144
"GGACAGACAGACACTT-1_5",42.646928692068
"GGACAGACAGCGAACA-1_5",2.42504453640532
"GGACAGACAGTAAGCG-1_5",17.0827826106518
"GGACAGATCAATCACG-1_5",25.1373956901936
"GGACAGATCTGCAAGT-1_5",39.818373513997
"GGAGCAATCTGAAAGA-1_5",46.602927811005
"GGATTACTCCGCGCAA-1_5",41.9650018281675
"GGCCGATGTAGAGTGC-1_5",34.9209125863314
"GGGAATGTCTTACCGC-1_5",31.8654301210029
"GGGAGATCAAGCTGTT-1_5",9.42081015495024
"GGGCATCGTTATCGGT-1_5",32.1076102209118
"GGGTTGCGTACGCTGC-1_5",49.0384251553789
"GGTATTGTCACGCATA-1_5",47.8298919922738
"GGTGAAGCATGGAATA-1_5",42.659981270766
"GTAACTGTCTGTGCAA-1_5",34.8054598531303
"GTACGTACATTAACCG-1_5",48.3658403485265
"GTACGTAGTAGAAAGG-1_5",43.041934529723
"GTAGTCATCGGTCTAA-1_5",46.7094184426177
"GTATCTTCAAGCGATG-1_5",41.1671331059559
"GTATCTTCACAGACAG-1_5",43.0912136148448
"GTATCTTCAGATCTGT-1_5",50.0001353357279
"GTATTCTCAGCTGGCT-1_5",39.8978290548105
"GTATTCTTCCACGTGG-1_5",48.0030821574968
"GTCAAGTAGCTAGTCT-1_5",48.9012358304166
"GTCAAGTAGGGAACGG-1_5",29.7574126149028
"GTCACGGCATTCACTT-1_5",8.67908269722695
"GTCGTAATCAAAGTAG-1_5",22.3777439256174
"GTCTTCGTCAACCATG-1_5",17.5629323942486
"GTGCAGCAGCCACTAT-1_5",47.4479239417862
"GTGGGTCAGCCACCTG-1_5",41.1644303529721
"GTTACAGGTAGTAGTA-1_5",7.40194948240492
"GTTACAGGTCAGGACA-1_5",41.2062358068398
"GTTACAGGTGCCTTGG-1_5",47.5585703751134
"GTTCATTCAAAGCGGT-1_5",50.2842907123107
"GTTCTCGCACATCCGG-1_5",40.6745034177145
"GTTTCTAAGCGTGTCC-1_5",32.2673828431069
"TAAGAGATCCATTCTA-1_5",39.1370594265551
"TACACGAGTGGGTATG-1_5",47.1341654045958
"TACGGTACAAACGCGA-1_5",31.96066959695
"TACGGTACAAGGACTG-1_5",16.8194206191311
"TACTCATCACGAGGTA-1_5",48.8347837953133
"TACTCGCCAAGCGCTC-1_5",40.7751977509571
"TACTTACGTACATGTC-1_5",30.5030765814258
"TACTTGTCATGCGCAC-1_5",15.5400043680197
"TAGAGCTGTGCAGGTA-1_5",30.5138774393612
"TAGAGCTTCACCGGGT-1_5",18.5118966020305
"TAGCCGGGTGCACGAA-1_5",27.2890634325405
"TATCAGGGTTCCACAA-1_5",15.7760685164873
"TATCTCAAGGAATTAC-1_5",35.6434617468657
"TATTACCAGAGCCCAA-1_5",49.6734069441008
"TATTACCCAAGTTCTG-1_5",18.7239855982992
"TATTACCCAGTATCTG-1_5",44.8719425976565
"TCAACGATCTCCTATA-1_5",46.9309575301189
"TCAGATGCACATTTCT-1_5",16.5336491577623
"TCAGATGCATGTTCCC-1_5",49.4113550922842
"TCAGCTCTCAGCTCTC-1_5",40.2550718646193
"TCAGCTCTCGGTGTTA-1_5",23.8269397822255
"TCATTACAGGGTTTCT-1_5",48.2130405142263
"TCATTACGTACCGGCT-1_5",32.2257159467993
"TCATTACGTTCATGGT-1_5",45.0785776946289
"TCATTTGGTAGCCTAT-1_5",15.1215553824311
"TCGCGTTAGCCTATGT-1_5",4.74467540436453
"TCGCGTTGTTTACTCT-1_5",24.5492352613216
"TCGGTAATCAGGTTCA-1_5",32.850328023589
"TCTATTGGTACAGTGG-1_5",13.4246379839478
"TCTGAGAGTCATATCG-1_5",28.7850533871729
"TCTGAGAGTCATGCAT-1_5",17.79456153181
"TCTTTCCCACCAACCG-1_5",5.38720048774215
"TCTTTCCTCTACCTGC-1_5",26.559343723245
"TGACAACCATGGGACA-1_5",47.960459577353
"TGACTAGGTTAGGGTG-1_5",41.9830221126856
"TGACTTTCACGGCGTT-1_5",8.20721758307114
"TGACTTTGTGTGCGTC-1_5",47.3284321865074
"TGAGAGGAGCGTAGTG-1_5",2.74852394735963
"TGAGCATGTCTAACGT-1_5",17.0071975398208
"TGAGCATGTGAGTGAC-1_5",32.0931169341584
"TGAGCCGAGGACATTA-1_5",18.574352611067
"TGAGGGACAGACACTT-1_5",22.5730906334799
"TGCCAAATCGCCGTGA-1_5",17.6777756389558
"TGCCCATCAAGAGTCG-1_5",42.3436457417444
"TGCCCATCACGTAAGG-1_5",26.6778304531251
"TGCGCAGAGTCAAGCG-1_5",47.8505858746442
"TGCGGGTTCCAACCAA-1_5",26.4910080305181
"TGCGTGGAGGTAGCTG-1_5",1.93523050618874
"TGGGCGTTCAACTCTT-1_5",49.0619273888657
"TGTGGTATCTTCAACT-1_5",48.8759941898691
"TGTGTTTTCAGCGATT-1_5",9.17499830370915
"TGTTCCGTCCAGTAGT-1_5",28.6132163152386
"TTAGGACAGTCATGCT-1_5",24.9846999099382
"TTAGGCACACCCAGTG-1_5",50.1227073997997
"TTAGGCATCTATCGCC-1_5",50.5683600874721
"TTAGTTCAGCGATTCT-1_5",10.5156875862828
"TTAGTTCAGCTCCTTC-1_5",32.2570604120777
"TTAGTTCCAGCTGTTA-1_5",37.3150771172016
"TTCTACACACGTCTCT-1_5",32.0509923360718
"TTCTTAGTCGAACGGA-1_5",7.44452133627921
"TTGAACGCAAGTCATC-1_5",40.9916823993747
"TTGCCGTTCCTTGACC-1_5",46.6552579953809
"TTGCGTCGTAGGGACT-1_5",46.5380126893935
"TTGGCAACAGTGACAG-1_5",48.2276556024195
"TTGTAGGAGCCTTGAT-1_5",45.5934791563579
"TTGTAGGAGTTTGCGT-1_5",15.9057679604482
"TTGTAGGCACTATCTT-1_5",6.27068217789885
"TTGTAGGCAGGACCCT-1_5",38.5553953057365
"TTTACTGGTGATGTGG-1_5",21.0991534781511
"TTTATGCCAGGACCCT-1_5",49.8856524452585
"TTTCCTCGTGAGGGAG-1_5",42.3905319061288
"AAAGCAACAAAGTGCG-1_6",26.4895545659971
"ACACCGGTCCCTAACC-1_6",50.0204861627466
"ACATCAGTCAACTCTT-1_6",32.3966438122757
"ACCAGTATCACCCGAG-1_6",31.8492988952702
"ACGTCAAGTTATCGGT-1_6",27.6576993819355
"AGAATAGTCATAGCAC-1_6",41.8700991363544
"AGCTCCTTCAGTTCGA-1_6",31.9554008597542
"AGCTCTCGTGTTTGTG-1_6",46.4738222269763
"AGTGGGAAGGAGTTGC-1_6",41.2427805034085
"AGTGGGACATGCTGGC-1_6",45.1026139550473
"ATAACGCGTCTGGTCG-1_6",28.7225594691091
"ATAACGCTCAGTTCGA-1_6",48.6953848762737
"ATAAGAGCAATTCCTT-1_6",40.8381906104191
"ATCATCTTCTGATTCT-1_6",50.3855046761122
"ATCCACCAGAGAACAG-1_6",30.7880355092131
"ATGAGGGGTCATTAGC-1_6",34.8717510656287
"ATGAGGGTCACCGGGT-1_6",29.0965688128652
"ATTACTCTCTAGAGTC-1_6",25.1637303534663
"CAACCTCGTTTGTTTC-1_6",24.4721066372156
"CAACTAGTCGCCAAAT-1_6",31.0753098677865
"CACACTCAGGCTATCT-1_6",48.6972490728887
"CACAGTACAGGGTATG-1_6",26.9468599109435
"CACTCCACAGCCTATA-1_6",39.9492457061465
"CAGCAGCAGTTCGATC-1_6",30.5500382840103
"CAGCTGGTCCCAGGTG-1_6",29.9849095445739
"CAGGTGCAGATCCGAG-1_6",46.4401984308443
"CAGTCCTGTCTGCAAT-1_6",47.8048616647179
"CATCCACCAGGTTTCA-1_6",30.5030765814258
"CATCCACCAGTCGTGC-1_6",24.3787601042776
"CCCAATCAGGATATAC-1_6",29.1764499828721
"CCCAATCTCCAGATCA-1_6",47.0254568869684
"CCCTCCTCATGGTAGG-1_6",31.3057080661773
"CCTAAAGAGCAGACTG-1_6",29.6574035432777
"CCTATTATCGCCGTGA-1_6",24.2099222609896
"CCTCTGATCACATACG-1_6",50.0018275519347
"CGCGTTTGTACGCTGC-1_6",41.9351169606044
"CGCGTTTGTTAAAGTG-1_6",41.0893090415419
"CGCTATCTCTTTACGT-1_6",47.6623363444798
"CTACACCCACAGGAGT-1_6",27.9665108075245
"CTACATTGTGAAAGAG-1_6",29.00705624499
"CTCGAGGAGAGCTATA-1_6",23.7696593986103
"CTCTACGGTACAGTTC-1_6",25.5398861529279
"CTGATAGTCATGTGGT-1_6",48.6002413195419
"CTGTTTATCAGCAACT-1_6",47.5972315485447
"GAACATCGTGCGATAG-1_6",25.9096288345549
"GACGTTACACACTGCG-1_6",42.6920300145545
"GATCGTACATTCACTT-1_6",40.6114243007916
"GATGAGGAGTAATCCC-1_6",50.1535046689827
"GATTCAGAGAGCTGGT-1_6",47.0940392994873
"GCATGTAAGATCTGAA-1_6",26.8591393681801
"GCCAAATAGAAACGCC-1_6",43.6215860032736
"GCCTCTAAGACCTTTG-1_6",41.5139801733396
"GCGGGTTCAAAGTGCG-1_6",42.4949597887167
"GCTGCGACAGCTGCTG-1_6",45.8392147671624
"GGATGTTCAATCCAAC-1_6",24.8360671128332
"GGCCGATGTGCTTCTC-1_6",50.8128224735656
"GGCGTGTTCATCGGAT-1_6",47.7190482714556
"GGCTCGACACGTCAGC-1_6",48.7576631287745
"GGGTCTGAGTTATCGC-1_6",37.152381984775
"GGTGAAGTCTGCGTAA-1_6",43.2092765733246
"GTAGGCCTCGCATGAT-1_6",40.3067759034383
"GTCACGGGTTCTGAAC-1_6",28.9203765589564
"GTCTTCGGTAGCCTCG-1_6",31.7944777997591
"GTGAAGGTCTTACCTA-1_6",47.7489051815139
"GTGCAGCGTGCTAGCC-1_6",25.9803765399418
"GTGTTAGAGGGCTTGA-1_6",28.784364677579
"TACAGTGAGGACAGAA-1_6",24.1031498338178
"TACCTTATCAAACAAG-1_6",29.7824206087827
"TAGAGCTTCCCAACGG-1_6",42.4837879666639
"TAGTGGTAGCTCTCGG-1_6",49.4001581503148
"TAGTTGGAGAGACGAA-1_6",27.680066871265
"TCAATCTAGCTAGTTC-1_6",35.949059216322
"TCGAGGCAGAAACCTA-1_6",40.8431882523633
"TCGAGGCCATCAGTCA-1_6",40.2528937800179
"TCGTACCTCAATAAGG-1_6",49.7710343160884
"TCTTCGGCATGAAGTA-1_6",48.5431236190533
"TCTTTCCTCCTGCTTG-1_6",27.7324762389481
"TGACTAGTCCACGCAG-1_6",48.8359701205009
"TGACTAGTCGGCGCAT-1_6",50.368635620608
"TGAGCATTCAGAGACG-1_6",49.2729577138494
"TGAGCCGCAGGAATGC-1_6",24.7857543236137
"TGGACGCAGAGACGAA-1_6",50.4776642057953
"TTAGGCAAGCGCTTAT-1_6",25.0772731007747
"TTATGCTAGTCCATAC-1_6",25.0392356328347
"TTCCCAGGTCGCGTGT-1_6",41.0507882526318
"TTCTACAAGCCGGTAA-1_6",50.0265275454936
"TTCTCCTTCCCTTGTG-1_6",24.19574133148
"TTCTTAGCATCCGTGG-1_6",39.8666415245632
"TTGAACGTCTTTACGT-1_6",48.0848704338233
"TTGACTTGTCACTTCC-1_6",39.3214820405418
"TTGACTTTCGTTTATC-1_6",48.8199597506971
"TTGGAACGTCTGCCAG-1_6",41.9090490043895
"TTGGCAAGTAGAGGAA-1_6",29.0965688128652
"TTGTAGGTCACAAACC-1_6",49.6312156166455
"TTTGTCATCCAAACTG-1_6",49.4358643678319
"AATCGGTTCGTCTGCT-1_7",41.5330878640527
"ACACCAAAGAGCTATA-1_7",48.7978742059441
"ATTATCCGTGGGTCAA-1_7",38.4606189521707
"ATTGGACGTCGCGTGT-1_7",35.631928333127
"CAGCCGACACGGTTTA-1_7",40.6182548649398
"CAGCCGACAGTTAACC-1_7",42.7545652625082
"CCCATACAGCCTTGAT-1_7",35.721841624194
"CCCTCCTAGTAGCCGA-1_7",36.9870815506925
"CGATCGGGTGACGCCT-1_7",49.4374768665149
"CGTTCTGGTCATCGGC-1_7",34.8543960755602
"CTAGCCTCAGCTTAAC-1_7",47.8282944287028
"CTGTGCTAGTGGCACA-1_7",41.2299200270169
"CTTAGGAAGCACACAG-1_7",41.6467730319384
"CTTTGCGGTCTCCATC-1_7",42.5285399262627
"GAAATGACATATGCTG-1_7",39.5049576404911
"GAAGCAGGTATAGGGC-1_7",40.9148114568439
"GATCGTATCGCTGATA-1_7",40.9252036538239
"GCAAACTGTACCGAGA-1_7",47.7054399682957
"GCACTCTGTCAGAGGT-1_7",35.6168322044981
"GGGCACTAGTAGCCGA-1_7",35.9928752358672
"GTAGGCCCAGGAATGC-1_7",48.1968153807241
"GTAGTCACACCCATTC-1_7",42.4955173224742
"GTGCAGCGTTTAAGCC-1_7",35.5843372654636
"GTTCATTCAGTGAGTG-1_7",43.3727759670579
"TACGGGCGTCTTGATG-1_7",39.5218965553616
"TACTTACTCCAAATGC-1_7",41.4818898912523
"TCGAGGCTCCCGGATG-1_7",46.2181984704494
"TCTTTCCGTGTCCTCT-1_7",40.3583339468357
"TGGACGCTCACCAGGC-1_7",49.9856590719217
"TTCGGTCGTCTAGCGC-1_7",39.6942490927657
"TTGACTTTCGTCTGCT-1_7",39.6752711089768
"TTGCGTCTCGTTACAG-1_7",35.1633760115435
"TTTACTGAGGGCTTGA-1_7",49.6640733384649
