"","Timepoint"
"AAATGCCGTCAAAGAT-1_2","0min"
"AAGACCTTCGCCTGAG-1_2","0min"
"AAGGCAGAGAAACGAG-1_2","0min"
"ACGCCGATCCTTGACC-1_2","0min"
"ACGGAGACAAGTCTGT-1_2","0min"
"ACGGGCTCATGATCCA-1_2","0min"
"ACTGATGGTTCGTGAT-1_2","0min"
"AGAGCGAAGAGAGCTC-1_2","0min"
"AGAGCTTTCCAGAGGA-1_2","0min"
"AGAGTGGGTTGGTGGA-1_2","0min"
"AGGCCACCAAGACACG-1_2","0min"
"AGGCCACTCAAGCCTA-1_2","0min"
"AGTAGTCAGGAGTTTA-1_2","0min"
"AGTCTTTTCGAGCCCA-1_2","0min"
"AGTTGGTTCCACGTTC-1_2","0min"
"ATCATCTCATGCCTTC-1_2","0min"
"ATCCACCCAGTTAACC-1_2","0min"
"ATGAGGGTCAGCCTAA-1_2","0min"
"ATTATCCCATCGACGC-1_2","0min"
"ATTCTACTCATTGCCC-1_2","0min"
"CAAGAAAGTCCGCTGA-1_2","0min"
"CAAGATCGTCATATCG-1_2","0min"
"CACAAACGTACAGTGG-1_2","0min"
"CACACCTGTCTGCAAT-1_2","0min"
"CACACTCGTCCGACGT-1_2","0min"
"CACATTTGTGACAAAT-1_2","0min"
"CACCACTGTGGTGTAG-1_2","0min"
"CACCACTTCGCCGTGA-1_2","0min"
"CAGCATAGTCGCCATG-1_2","0min"
"CAGCTAATCTGATTCT-1_2","0min"
"CAGCTGGGTGTGTGCC-1_2","0min"
"CAGCTGGTCTGACCTC-1_2","0min"
"CATCAGAGTAAACCTC-1_2","0min"
"CATCCACAGCGGCTTC-1_2","0min"
"CCAATCCGTCGAGTTT-1_2","0min"
"CCAGCGATCTGCGGCA-1_2","0min"
"CCCTCCTGTTGTCGCG-1_2","0min"
"CCGTGGAAGTTTAGGA-1_2","0min"
"CCTTCGATCCTCAATT-1_2","0min"
"CGACTTCGTCTTGATG-1_2","0min"
"CGATGGCCACGGACAA-1_2","0min"
"CGATGGCCAGCATACT-1_2","0min"
"CGATTGAGTCAAAGCG-1_2","0min"
"CGCTGGAAGGAGCGAG-1_2","0min"
"CGGACACCATACCATG-1_2","0min"
"CGGACACTCTGCTTGC-1_2","0min"
"CGTCACTGTGCAACGA-1_2","0min"
"CGTGTAAGTGTGAATA-1_2","0min"
"CTAAGACTCACCTTAT-1_2","0min"
"CTGAAACCATTGGGCC-1_2","0min"
"CTGAAACTCGCCAGCA-1_2","0min"
"CTTAACTCATTACGAC-1_2","0min"
"CTTTGCGCAGGTCTCG-1_2","0min"
"GACCTGGAGGACTGGT-1_2","0min"
"GACGTTACATGCGCAC-1_2","0min"
"GACTGCGTCGGCGCAT-1_2","0min"
"GAGCAGATCCGTCATC-1_2","0min"
"GCATGATAGGACAGCT-1_2","0min"
"GCATGCGAGGCCGAAT-1_2","0min"
"GCTCCTACACACATGT-1_2","0min"
"GCTGCAGAGTAGTGCG-1_2","0min"
"GCTGGGTCAGCCTGTG-1_2","0min"
"GCTTCCACATGCCTAA-1_2","0min"
"GGACAAGCAAAGGAAG-1_2","0min"
"GGACATTGTAAAGGAG-1_2","0min"
"GGACATTGTAGGGACT-1_2","0min"
"GGACGTCCATGATCCA-1_2","0min"
"GGCAATTAGCACCGTC-1_2","0min"
"GGCCGATGTGAGGGTT-1_2","0min"
"GGCGTGTAGACAGGCT-1_2","0min"
"GGCTCGAAGACAAAGG-1_2","0min"
"GGGAGATAGCGATATA-1_2","0min"
"GGGTCTGGTACCATCA-1_2","0min"
"GGTATTGAGATCCGAG-1_2","0min"
"GTAGTCATCACGACTA-1_2","0min"
"GTCACAAGTACATCCA-1_2","0min"
"GTGCTTCCATGCCACG-1_2","0min"
"GTGTTAGCACCAGATT-1_2","0min"
"GTTCTCGTCTTGTCAT-1_2","0min"
"TAAGTGCCACCGAATT-1_2","0min"
"TACGGGCAGGTCATCT-1_2","0min"
"TACGGGCGTCGCGAAA-1_2","0min"
"TACGGGCGTGATGTCT-1_2","0min"
"TAGACCAAGACACTAA-1_2","0min"
"TAGAGCTTCTATCCCG-1_2","0min"
"TAGTTGGTCCGAACGC-1_2","0min"
"TATTACCAGTGAACAT-1_2","0min"
"TCAGCTCTCGGTTAAC-1_2","0min"
"TCGTAGAGTACAGTGG-1_2","0min"
"TCTCTAAAGCATGGCA-1_2","0min"
"TGACTTTTCCAAGTAC-1_2","0min"
"TGCGCAGAGCTGGAAC-1_2","0min"
"TGCGGGTAGGTTCCTA-1_2","0min"
"TGCGGGTTCACTTACT-1_2","0min"
"TGGCCAGTCTCCTATA-1_2","0min"
"TGGCGCACAGGCAGTA-1_2","0min"
"TGGCGCAGTACTCTCC-1_2","0min"
"TGGGCGTAGCTCAACT-1_2","0min"
"TGGTTAGGTAGGCTGA-1_2","0min"
"TGTATTCCAAACAACA-1_2","0min"
"TGTCCCACACATCTTT-1_2","0min"
"TGTGGTATCGGCATCG-1_2","0min"
"TTAACTCAGCGATGAC-1_2","0min"
"TTAACTCAGCGCTTAT-1_2","0min"
"TTCGAAGTCAATCACG-1_2","0min"
"TTGAACGGTAGCTGCC-1_2","0min"
"TTGTAGGTCGACAGCC-1_2","0min"
"TTTATGCCATTTGCTT-1_2","0min"
"TTTCCTCCAATCCGAT-1_2","0min"
"AAATGCCAGTACTTGC-1_3","30min"
"AAGCCGCGTCGCATAT-1_3","30min"
"AAGGAGCCACTCGACG-1_3","30min"
"AAGGCAGGTAGATTAG-1_3","30min"
"AAGTCTGCAGCATACT-1_3","30min"
"ACACCAAGTCCGACGT-1_3","30min"
"ACACCCTTCTGGTATG-1_3","30min"
"ACACTGATCTTGAGAC-1_3","30min"
"ACCCACTCAGAGCCAA-1_3","30min"
"ACGAGCCCACAGACAG-1_3","30min"
"ACGATACCATGCATGT-1_3","30min"
"ACGCCAGTCATGTGGT-1_3","30min"
"ACGGGCTCAAGTAATG-1_3","30min"
"ACGTCAAGTGGCGAAT-1_3","30min"
"ACTATCTAGAGATGAG-1_3","30min"
"ACTTACTAGCGTTGCC-1_3","30min"
"ACTTACTAGCTAAACA-1_3","30min"
"ACTTGTTAGGTGATTA-1_3","30min"
"AGAATAGGTTCCCGAG-1_3","30min"
"AGACGTTAGACTTTCG-1_3","30min"
"AGATCTGGTTCGGGCT-1_3","30min"
"AGCAGCCGTAGCTTGT-1_3","30min"
"AGCGTATAGTCCCACG-1_3","30min"
"AGCGTATCATCGATTG-1_3","30min"
"AGCGTCGGTCCAAGTT-1_3","30min"
"AGCTCCTCACCACGTG-1_3","30min"
"AGCTCTCCATTCTCAT-1_3","30min"
"AGGCCGTGTCAATACC-1_3","30min"
"AGGCCGTGTTACGACT-1_3","30min"
"AGGGAGTCAAAGCAAT-1_3","30min"
"AGTGAGGGTGTGCGTC-1_3","30min"
"AGTTGGTCAACAACCT-1_3","30min"
"ATCCACCGTCTGCAAT-1_3","30min"
"ATCTACTTCGTAGGAG-1_3","30min"
"ATCTGCCGTGGTAACG-1_3","30min"
"ATGGGAGCAAGTAATG-1_3","30min"
"ATTACTCGTACAAGTA-1_3","30min"
"ATTATCCCAAGTACCT-1_3","30min"
"ATTTCTGCACATGTGT-1_3","30min"
"ATTTCTGTCGTTGCCT-1_3","30min"
"CACACCTCATCACAAC-1_3","30min"
"CACACTCCAATGAATG-1_3","30min"
"CACAGGCTCAGCGATT-1_3","30min"
"CACATAGAGGGCACTA-1_3","30min"
"CACATTTAGTGTACTC-1_3","30min"
"CACATTTCACCAGGCT-1_3","30min"
"CACCTTGAGCGTTGCC-1_3","30min"
"CACTCCAAGGATATAC-1_3","30min"
"CAGAATCGTAGCGATG-1_3","30min"
"CAGCAGCCACACATGT-1_3","30min"
"CAGCTAACAATAAGCA-1_3","30min"
"CAGCTAAGTTTAAGCC-1_3","30min"
"CAGCTGGCAGATGGGT-1_3","30min"
"CAGGTGCTCTCGATGA-1_3","30min"
"CAGTCCTTCCGAGCCA-1_3","30min"
"CATATGGTCCTCTAGC-1_3","30min"
"CATATTCGTTACTGAC-1_3","30min"
"CATCAAGCAAAGCAAT-1_3","30min"
"CATCGGGGTCAGAGGT-1_3","30min"
"CATCGGGTCGAGGTAG-1_3","30min"
"CATGGCGCAAGGGTCA-1_3","30min"
"CATGGCGTCTGGGCCA-1_3","30min"
"CATTATCGTAGAGGAA-1_3","30min"
"CCACGGAGTCCGAATT-1_3","30min"
"CCATTCGTCACAGTAC-1_3","30min"
"CCATTCGTCGCAAACT-1_3","30min"
"CCGGGATGTTTGTGTG-1_3","30min"
"CCGGTAGAGAGGGCTT-1_3","30min"
"CCTAAAGAGAAACGCC-1_3","30min"
"CCTCTGATCCGAATGT-1_3","30min"
"CCTTCCCGTAGGGTAC-1_3","30min"
"CGAATGTCAGAAGCAC-1_3","30min"
"CGATGGCCATAAAGGT-1_3","30min"
"CGATTGAAGCTGCGAA-1_3","30min"
"CGCCAAGAGGTCGGAT-1_3","30min"
"CGCCAAGGTTGATTCG-1_3","30min"
"CGCGTTTAGTGTGAAT-1_3","30min"
"CGCTATCCAGCTGCTG-1_3","30min"
"CGGACACCACCTCGGA-1_3","30min"
"CGGACTGTCAAACAAG-1_3","30min"
"CGTCACTGTCATACTG-1_3","30min"
"CTAATGGTCGAGAACG-1_3","30min"
"CTACACCCATCAGTCA-1_3","30min"
"CTACGTCCACCAGCAC-1_3","30min"
"CTAGAGTTCGGCTACG-1_3","30min"
"CTCCTAGGTGGTTTCA-1_3","30min"
"CTCGGAGCAATGGATA-1_3","30min"
"CTCGGGAAGTCAAGGC-1_3","30min"
"CTCGTACTCTCTAAGG-1_3","30min"
"CTCTAATGTTCTCATT-1_3","30min"
"CTGAAACAGACTAGAT-1_3","30min"
"CTGCCTAAGTAGTGCG-1_3","30min"
"CTTACCGCAAGCCATT-1_3","30min"
"CTTAGGAAGTTCGCGC-1_3","30min"
"CTTCTCTAGATAGCAT-1_3","30min"
"CTTCTCTTCGAACTGT-1_3","30min"
"GACCAATGTACAGTTC-1_3","30min"
"GACGCGTGTGCCTGTG-1_3","30min"
"GACGGCTCAAATACAG-1_3","30min"
"GACTACATCTTGAGGT-1_3","30min"
"GACTGCGCAAGGACTG-1_3","30min"
"GATGCTATCTAACGGT-1_3","30min"
"GCACTCTCAAGTAATG-1_3","30min"
"GCATGCGAGTGTCTCA-1_3","30min"
"GCGCCAATCTTGTACT-1_3","30min"
"GCGCGATGTTCCACGG-1_3","30min"
"GCGCGATTCTTAACCT-1_3","30min"
"GCGGGTTAGTTCGCGC-1_3","30min"
"GGAAAGCCAGTTAACC-1_3","30min"
"GGAATAATCTAAGCCA-1_3","30min"
"GGACATTTCATGTCCC-1_3","30min"
"GGACGTCGTGCACTTA-1_3","30min"
"GGAGCAACATGCCACG-1_3","30min"
"GGATTACAGAACTCGG-1_3","30min"
"GGCTGGTCAAAGGTGC-1_3","30min"
"GGGCATCCACCACCAG-1_3","30min"
"GTAACGTAGCACCGTC-1_3","30min"
"GTAACGTCACGGTGTC-1_3","30min"
"GTACTCCAGTGAATTG-1_3","30min"
"GTAGGCCAGCTAGTCT-1_3","30min"
"GTAGTCAGTAAGTTCC-1_3","30min"
"GTATCTTAGGCCCTCA-1_3","30min"
"GTATTCTCACATGTGT-1_3","30min"
"GTCATTTAGGCCCGTT-1_3","30min"
"GTTCATTTCGGTTAAC-1_3","30min"
"TAAGAGAGTGTGGCTC-1_3","30min"
"TACAGTGTCATTCACT-1_3","30min"
"TACGGTATCCTCAATT-1_3","30min"
"TACGGTATCTACCTGC-1_3","30min"
"TACTCATCAGTATGCT-1_3","30min"
"TACTCGCAGTGTGGCA-1_3","30min"
"TAGAGCTAGCTCCTTC-1_3","30min"
"TAGAGCTAGCTGAAAT-1_3","30min"
"TAGTTGGCATGAAGTA-1_3","30min"
"TATTACCAGTCGTTTG-1_3","30min"
"TCACAAGTCTTGGGTA-1_3","30min"
"TCACGAAGTTAGAACA-1_3","30min"
"TCAGATGCAATACGCT-1_3","30min"
"TCAGGATTCAGCTGGC-1_3","30min"
"TCATTACCATCCGTGG-1_3","30min"
"TCGCGTTTCCTCCTAG-1_3","30min"
"TCGCGTTTCGCCCTTA-1_3","30min"
"TCTTTCCGTGGTGTAG-1_3","30min"
"TGACAACCATTTCAGG-1_3","30min"
"TGACTAGGTCGCCATG-1_3","30min"
"TGCCAAATCACGCGGT-1_3","30min"
"TGCCAAATCTTCCTTC-1_3","30min"
"TGCCCATAGGGAGTAA-1_3","30min"
"TGCTACCGTGTGGCTC-1_3","30min"
"TGCTACCTCGGCTTGG-1_3","30min"
"TTCCCAGAGTCTCAAC-1_3","30min"
"TTCGGTCCAGACTCGC-1_3","30min"
"TTCTCCTTCCAGTAGT-1_3","30min"
"TTGACTTTCCAACCAA-1_3","30min"
"TTTGTCAGTCGAACAG-1_3","30min"
"TTTGTCAGTTAGGGTG-1_3","30min"
"AAACGGGAGGTGCTAG-1_4","1hr"
"AAAGCAAGTATAGGTA-1_4","1hr"
"AAAGCAATCAACCAAC-1_4","1hr"
"AAAGCAATCATGTGGT-1_4","1hr"
"AAAGTAGAGCCTATGT-1_4","1hr"
"AAAGTAGGTAGCTTGT-1_4","1hr"
"AAAGTAGGTATAAACG-1_4","1hr"
"AAATGCCGTTAGAACA-1_4","1hr"
"AACCATGCAGGAATCG-1_4","1hr"
"AACCGCGCACCAGGCT-1_4","1hr"
"AACCGCGGTTACGCGC-1_4","1hr"
"AACGTTGCACAGAGGT-1_4","1hr"
"AACGTTGGTATATGAG-1_4","1hr"
"AACTCAGTCGCAGGCT-1_4","1hr"
"AACTCTTAGAAACGCC-1_4","1hr"
"AACTCTTTCAAGGCTT-1_4","1hr"
"AACTGGTCAGTGACAG-1_4","1hr"
"AAGACCTAGCTGCGAA-1_4","1hr"
"AAGCCGCAGCACACAG-1_4","1hr"
"AAGGAGCAGATGTGGC-1_4","1hr"
"AAGGAGCCAAGAGGCT-1_4","1hr"
"AAGGAGCGTGCTGTAT-1_4","1hr"
"AAGGCAGAGTCGTTTG-1_4","1hr"
"AAGGCAGGTTCGAATC-1_4","1hr"
"AAGGCAGTCTGTCAAG-1_4","1hr"
"AAGTCTGCATGTAAGA-1_4","1hr"
"AAGTCTGGTCAGGACA-1_4","1hr"
"AAGTCTGTCAACGCTA-1_4","1hr"
"AATCCAGGTCTCATCC-1_4","1hr"
"ACACCAACAATGGTCT-1_4","1hr"
"ACAGCTACAAAGTGCG-1_4","1hr"
"ACATACGTCATGCATG-1_4","1hr"
"ACCAGTAGTTACAGAA-1_4","1hr"
"ACCAGTATCATGTAGC-1_4","1hr"
"ACCCACTCACGGTAAG-1_4","1hr"
"ACCCACTTCCGTCATC-1_4","1hr"
"ACCGTAAAGACTGGGT-1_4","1hr"
"ACCTTTACAATGTTGC-1_4","1hr"
"ACGATACCAGCGTTCG-1_4","1hr"
"ACGATGTTCGTCTGAA-1_4","1hr"
"ACGCAGCTCTGATACG-1_4","1hr"
"ACGCCGACAGGATCGA-1_4","1hr"
"ACGCCGAGTAAGAGGA-1_4","1hr"
"ACGGGCTTCTGCCAGG-1_4","1hr"
"ACGGGTCCAATGGAAT-1_4","1hr"
"ACGTCAACATCACCCT-1_4","1hr"
"ACTATCTAGTGTCTCA-1_4","1hr"
"ACTGAACTCCAAAGTC-1_4","1hr"
"ACTTACTAGGGTCGAT-1_4","1hr"
"ACTTACTAGGGTTTCT-1_4","1hr"
"ACTTGTTAGAGATGAG-1_4","1hr"
"ACTTTCAAGCCAGTTT-1_4","1hr"
"ACTTTCACATGGTTGT-1_4","1hr"
"AGAATAGGTGATGTGG-1_4","1hr"
"AGAGTGGGTTAGGGTG-1_4","1hr"
"AGATTGCCATACGCTA-1_4","1hr"
"AGATTGCGTCTCTTTA-1_4","1hr"
"AGATTGCTCACAATGC-1_4","1hr"
"AGCAGCCGTATAATGG-1_4","1hr"
"AGCAGCCGTCCAAGTT-1_4","1hr"
"AGCCTAATCTACCAGA-1_4","1hr"
"AGCGTATGTCGATTGT-1_4","1hr"
"AGCTCCTTCGGAGGTA-1_4","1hr"
"AGCTCTCGTAACGTTC-1_4","1hr"
"AGCTTGACAGGCGATA-1_4","1hr"
"AGGCCACTCACAACGT-1_4","1hr"
"AGGGAGTAGTTCGCAT-1_4","1hr"
"AGGGAGTTCATATCGG-1_4","1hr"
"AGGTCATGTTCTGTTT-1_4","1hr"
"AGGTCCGTCTTGCCGT-1_4","1hr"
"AGTGAGGGTCGAACAG-1_4","1hr"
"AGTGTCAGTTGTTTGG-1_4","1hr"
"AGTGTCATCTGTCTAT-1_4","1hr"
"AGTTGGTAGGCGATAC-1_4","1hr"
"AGTTGGTCAGTCTTCC-1_4","1hr"
"AGTTGGTGTCTACCTC-1_4","1hr"
"AGTTGGTTCTTGGGTA-1_4","1hr"
"ATAACGCAGCTTTGGT-1_4","1hr"
"ATAAGAGAGTGCAAGC-1_4","1hr"
"ATAAGAGTCCCGGATG-1_4","1hr"
"ATCACGAAGCGGATCA-1_4","1hr"
"ATCACGACACCAACCG-1_4","1hr"
"ATCATCTAGTGGTAAT-1_4","1hr"
"ATCATCTGTAAACCTC-1_4","1hr"
"ATCATCTTCCACTGGG-1_4","1hr"
"ATCCACCAGCGGATCA-1_4","1hr"
"ATCCGAACATGCTGGC-1_4","1hr"
"ATCGAGTCACTGTGTA-1_4","1hr"
"ATCTACTGTCGCATCG-1_4","1hr"
"ATCTGCCTCCTGTACC-1_4","1hr"
"ATGCGATCACATGTGT-1_4","1hr"
"ATGGGAGGTACACCGC-1_4","1hr"
"ATGTGTGGTACAGTTC-1_4","1hr"
"ATTACTCCAGACGCCT-1_4","1hr"
"ATTATCCAGATGGGTC-1_4","1hr"
"ATTCTACTCCAAACTG-1_4","1hr"
"ATTGGACTCAGGCAAG-1_4","1hr"
"ATTGGTGTCGTTACGA-1_4","1hr"
"CAACCAAAGTAGGTGC-1_4","1hr"
"CAACCTCAGCGTAATA-1_4","1hr"
"CAACTAGGTGAAGGCT-1_4","1hr"
"CAAGAAAGTCCGAACC-1_4","1hr"
"CAAGAAAGTTACCGAT-1_4","1hr"
"CAAGAAATCCACTGGG-1_4","1hr"
"CAAGATCTCTACTTAC-1_4","1hr"
"CAAGGCCAGCACACAG-1_4","1hr"
"CAAGTTGCACGTCTCT-1_4","1hr"
"CACACCTAGACACTAA-1_4","1hr"
"CACAGGCCACGGCTAC-1_4","1hr"
"CACATAGCACATGACT-1_4","1hr"
"CACCAGGCAATGGTCT-1_4","1hr"
"CACCAGGGTTTCGCTC-1_4","1hr"
"CACCTTGCAGATGGGT-1_4","1hr"
"CACCTTGGTGGTTTCA-1_4","1hr"
"CACCTTGGTTCAGACT-1_4","1hr"
"CACCTTGTCTTGGGTA-1_4","1hr"
"CACTCCATCACAGTAC-1_4","1hr"
"CAGAATCAGGTGGGTT-1_4","1hr"
"CAGATCAGTTAAAGTG-1_4","1hr"
"CAGCAGCGTTCCACTC-1_4","1hr"
"CAGCATAAGAGACTAT-1_4","1hr"
"CAGCATACATCTATGG-1_4","1hr"
"CAGCCGAAGCCGCCTA-1_4","1hr"
"CAGCTAAAGTGACTCT-1_4","1hr"
"CAGCTAAGTGTAATGA-1_4","1hr"
"CAGCTGGAGATCCCGC-1_4","1hr"
"CAGGTGCTCTGTACGA-1_4","1hr"
"CAGTAACTCTACTATC-1_4","1hr"
"CAGTCCTTCCGAACGC-1_4","1hr"
"CATCAAGAGGGCATGT-1_4","1hr"
"CATCAAGTCCTTAATC-1_4","1hr"
"CATCAGAGTCAATACC-1_4","1hr"
"CATCAGATCGGCTTGG-1_4","1hr"
"CATCGAACAGCCACCA-1_4","1hr"
"CATCGAAGTTGGGACA-1_4","1hr"
"CATCGAATCACAAACC-1_4","1hr"
"CATCGGGAGGTGTGGT-1_4","1hr"
"CATCGGGCAATGCCAT-1_4","1hr"
"CATCGGGTCCACGCAG-1_4","1hr"
"CATGGCGCAGGTTTCA-1_4","1hr"
"CATGGCGGTCGACTGC-1_4","1hr"
"CATGGCGGTGTTAAGA-1_4","1hr"
"CATTCGCTCGTAGATC-1_4","1hr"
"CATTCGCTCGTGACAT-1_4","1hr"
"CATTCGCTCTTGTTTG-1_4","1hr"
"CCACGGAAGAGGTTAT-1_4","1hr"
"CCACGGATCGCCAGCA-1_4","1hr"
"CCAGCGAAGACAAGCC-1_4","1hr"
"CCAGCGATCACAGGCC-1_4","1hr"
"CCCAATCAGACTGTAA-1_4","1hr"
"CCCATACCACACTGCG-1_4","1hr"
"CCCATACCAGGACCCT-1_4","1hr"
"CCCTCCTAGTGAATTG-1_4","1hr"
"CCGGGATAGACTAGAT-1_4","1hr"
"CCGGGATTCGATGAGG-1_4","1hr"
"CCGGTAGTCCGTTGCT-1_4","1hr"
"CCGTGGAGTCTTGATG-1_4","1hr"
"CCGTTCATCAACGAAA-1_4","1hr"
"CCTACACTCAACTCTT-1_4","1hr"
"CCTACCAAGAAGCCCA-1_4","1hr"
"CCTCAGTCACGAAATA-1_4","1hr"
"CCTTCGAGTCTCACCT-1_4","1hr"
"CCTTCGAGTGCCTGTG-1_4","1hr"
"CCTTTCTAGGGATACC-1_4","1hr"
"CCTTTCTGTGTCAATC-1_4","1hr"
"CGAACATAGACTTTCG-1_4","1hr"
"CGAATGTAGTATGACA-1_4","1hr"
"CGACTTCAGGCATGGT-1_4","1hr"
"CGACTTCGTCGCATCG-1_4","1hr"
"CGAGCACAGACTACAA-1_4","1hr"
"CGAGCACAGCATCATC-1_4","1hr"
"CGAGCACGTTATCGGT-1_4","1hr"
"CGATGGCCATCGGGTC-1_4","1hr"
"CGATGGCGTTAGATGA-1_4","1hr"
"CGATGTACACACAGAG-1_4","1hr"
"CGATGTACAGATCCAT-1_4","1hr"
"CGATGTAGTATAAACG-1_4","1hr"
"CGATTGACATCACGTA-1_4","1hr"
"CGCCAAGTCACATACG-1_4","1hr"
"CGCGGTATCCGCAAGC-1_4","1hr"
"CGCGTTTGTCAGAATA-1_4","1hr"
"CGCGTTTTCGAGCCCA-1_4","1hr"
"CGCTATCAGCGTGAGT-1_4","1hr"
"CGCTATCGTAGGGACT-1_4","1hr"
"CGCTTCAAGAAACCGC-1_4","1hr"
"CGCTTCAAGCTACCTA-1_4","1hr"
"CGCTTCAAGTTAAGTG-1_4","1hr"
"CGCTTCATCGGATGGA-1_4","1hr"
"CGGACACTCTGTGCAA-1_4","1hr"
"CGGACACTCTTGGGTA-1_4","1hr"
"CGGACGTCAGCCTATA-1_4","1hr"
"CGGACGTCATGGTCAT-1_4","1hr"
"CGGAGTCAGATGGGTC-1_4","1hr"
"CGGAGTCAGTCAATAG-1_4","1hr"
"CGGAGTCTCACGAAGG-1_4","1hr"
"CGGCTAGCAGCCACCA-1_4","1hr"
"CGGGTCAGTAGAGTGC-1_4","1hr"
"CGTAGCGCACTCTGTC-1_4","1hr"
"CGTAGCGTCCGGGTGT-1_4","1hr"
"CGTAGGCGTAGGCATG-1_4","1hr"
"CGTAGGCTCTGAGGGA-1_4","1hr"
"CGTCAGGCAAGCCGTC-1_4","1hr"
"CGTGAGCCAGCTGCTG-1_4","1hr"
"CGTGAGCTCCATGCTC-1_4","1hr"
"CGTGTAACACAGGAGT-1_4","1hr"
"CGTGTCTCAAGCGTAG-1_4","1hr"
"CGTGTCTCAATGCCAT-1_4","1hr"
"CGTGTCTCATCAGTCA-1_4","1hr"
"CGTGTCTGTCTCATCC-1_4","1hr"
"CTAACTTGTTCGGCAC-1_4","1hr"
"CTAACTTTCCGGGTGT-1_4","1hr"
"CTAATGGGTATGGTTC-1_4","1hr"
"CTACGTCGTACTCGCG-1_4","1hr"
"CTCACACAGGGAACGG-1_4","1hr"
"CTCACACGTCAGATAA-1_4","1hr"
"CTCCTAGCACTTCTGC-1_4","1hr"
"CTCGGGACAACAACCT-1_4","1hr"
"CTCGGGACACCTATCC-1_4","1hr"
"CTCGGGACATGCGCAC-1_4","1hr"
"CTCGTCAGTTGGACCC-1_4","1hr"
"CTCGTCATCACCGGGT-1_4","1hr"
"CTCTAATTCCTGCCAT-1_4","1hr"
"CTCTACGCACTAAGTC-1_4","1hr"
"CTGAAACGTATAGGGC-1_4","1hr"
"CTGAAACGTCCGTCAG-1_4","1hr"
"CTGAAACTCCCAAGAT-1_4","1hr"
"CTGAAGTGTCTAACGT-1_4","1hr"
"CTGAAGTGTTCTGTTT-1_4","1hr"
"CTGCCTACAAGTTGTC-1_4","1hr"
"CTGGTCTAGGCCCGTT-1_4","1hr"
"CTGGTCTTCAGCATGT-1_4","1hr"
"CTGTGCTTCGGAAACG-1_4","1hr"
"CTGTTTAGTACGAAAT-1_4","1hr"
"CTTAACTCAGTTTACG-1_4","1hr"
"CTTACCGAGGGAGTAA-1_4","1hr"
"CTTACCGGTGGGTATG-1_4","1hr"
"CTTAGGATCGTTTGCC-1_4","1hr"
"CTTCTCTGTTCCGTCT-1_4","1hr"
"CTTGGCTAGAGAACAG-1_4","1hr"
"CTTGGCTTCTCGATGA-1_4","1hr"
"CTTTGCGCAAGTTCTG-1_4","1hr"
"CTTTGCGTCTAACGGT-1_4","1hr"
"GAAACTCAGACCACGA-1_4","1hr"
"GAAACTCTCAGGCCCA-1_4","1hr"
"GAAACTCTCCATTCTA-1_4","1hr"
"GAAACTCTCGCTGATA-1_4","1hr"
"GAAATGAAGCCTCGTG-1_4","1hr"
"GAACATCGTCGCGGTT-1_4","1hr"
"GAACATCTCCAAATGC-1_4","1hr"
"GAACGGAGTGATGATA-1_4","1hr"
"GAAGCAGCAGACTCGC-1_4","1hr"
"GAAGCAGGTACTTCTT-1_4","1hr"
"GAATAAGAGCGACGTA-1_4","1hr"
"GACACGCGTCTAGCCG-1_4","1hr"
"GACCAATCACACTGCG-1_4","1hr"
"GACCAATGTTGAACTC-1_4","1hr"
"GACCTGGTCAGTCAGT-1_4","1hr"
"GACGCGTAGGTGTGGT-1_4","1hr"
"GACGCGTCAGATGGGT-1_4","1hr"
"GACTAACAGGGTGTGT-1_4","1hr"
"GACTACACACTCAGGC-1_4","1hr"
"GACTACACACTGTTAG-1_4","1hr"
"GACTGCGTCTCTAAGG-1_4","1hr"
"GATCAGTTCTGATACG-1_4","1hr"
"GATCGATCATTGGGCC-1_4","1hr"
"GATCTAGAGTTCGCAT-1_4","1hr"
"GATCTAGCACGGATAG-1_4","1hr"
"GATCTAGGTAGTAGTA-1_4","1hr"
"GATCTAGGTATCAGTC-1_4","1hr"
"GATGAAACAGGGCATA-1_4","1hr"
"GATGAAAGTGGCCCTA-1_4","1hr"
"GATGAGGAGAGCTGCA-1_4","1hr"
"GATGAGGGTACCGGCT-1_4","1hr"
"GATGCTATCCTCAATT-1_4","1hr"
"GCAATCAAGCTGAAAT-1_4","1hr"
"GCACATACATCACGAT-1_4","1hr"
"GCACATATCAACACGT-1_4","1hr"
"GCACTCTGTCTAGGTT-1_4","1hr"
"GCAGCCAGTAGCCTAT-1_4","1hr"
"GCAGTTAAGTGGTAGC-1_4","1hr"
"GCAGTTACATCTACGA-1_4","1hr"
"GCATGATAGAGCTGGT-1_4","1hr"
"GCATGATCAAGAAAGG-1_4","1hr"
"GCATGTAAGAGTACCG-1_4","1hr"
"GCCTCTAAGGGATGGG-1_4","1hr"
"GCCTCTAGTCGCGTGT-1_4","1hr"
"GCGACCACATTGCGGC-1_4","1hr"
"GCGCAACGTCCGTCAG-1_4","1hr"
"GCGCAACTCCAAGTAC-1_4","1hr"
"GCGCAGTCAACGATGG-1_4","1hr"
"GCGCAGTGTGGCAAAC-1_4","1hr"
"GCGCCAAAGACCTTTG-1_4","1hr"
"GCGCGATAGCCACTAT-1_4","1hr"
"GCGCGATGTGCTAGCC-1_4","1hr"
"GCTCTGTCACCGTTGG-1_4","1hr"
"GCTCTGTGTCAGAATA-1_4","1hr"
"GCTGCAGCAGATTGCT-1_4","1hr"
"GCTGCGAGTAGCGTGA-1_4","1hr"
"GCTGCGAGTCGCTTCT-1_4","1hr"
"GCTGCGAGTGCCTGCA-1_4","1hr"
"GCTTCCACATCTCCCA-1_4","1hr"
"GCTTCCAGTTCGGCAC-1_4","1hr"
"GCTTGAAGTAGCTTGT-1_4","1hr"
"GGAAAGCTCCTTTCTC-1_4","1hr"
"GGAACTTGTGTGAATA-1_4","1hr"
"GGACATTCAGGTCCAC-1_4","1hr"
"GGACATTTCGACAGCC-1_4","1hr"
"GGACGTCAGTTCGATC-1_4","1hr"
"GGACGTCCACCGATAT-1_4","1hr"
"GGAGCAATCGCTGATA-1_4","1hr"
"GGATGTTTCCTGTACC-1_4","1hr"
"GGCCGATGTATCGCAT-1_4","1hr"
"GGCGACTAGGATGGTC-1_4","1hr"
"GGCGACTTCGGTCCGA-1_4","1hr"
"GGCGTGTGTGCAGGTA-1_4","1hr"
"GGCGTGTTCATGTCCC-1_4","1hr"
"GGCGTGTTCGCGGATC-1_4","1hr"
"GGCTGGTTCACCATAG-1_4","1hr"
"GGGAATGCAGGACGTA-1_4","1hr"
"GGGCACTTCAGTGCAT-1_4","1hr"
"GGGTTGCCATGCCACG-1_4","1hr"
"GGGTTGCGTCATATCG-1_4","1hr"
"GGTATTGAGCTAACTC-1_4","1hr"
"GGTGAAGAGAGTCTGG-1_4","1hr"
"GGTGCGTAGTGCCAGA-1_4","1hr"
"GGTGCGTTCCATTCTA-1_4","1hr"
"GGTGCGTTCCCTAATT-1_4","1hr"
"GGTGTTAGTACAGTTC-1_4","1hr"
"GTAACGTTCCGAACGC-1_4","1hr"
"GTAACGTTCGGAATCT-1_4","1hr"
"GTAACTGGTCTAGCGC-1_4","1hr"
"GTAACTGTCTGAGTGT-1_4","1hr"
"GTACTCCGTAGATTAG-1_4","1hr"
"GTACTCCTCGGCATCG-1_4","1hr"
"GTACTTTCATCACGTA-1_4","1hr"
"GTAGTCAGTACCTACA-1_4","1hr"
"GTAGTCAGTCTTGCGG-1_4","1hr"
"GTAGTCAGTGTGACGA-1_4","1hr"
"GTATTCTGTCTTCAAG-1_4","1hr"
"GTCAAGTAGAGAGCTC-1_4","1hr"
"GTCAAGTCAAGTAGTA-1_4","1hr"
"GTCATTTAGCTTTGGT-1_4","1hr"
"GTCCTCAGTCATCGGC-1_4","1hr"
"GTCCTCATCATGTAGC-1_4","1hr"
"GTCCTCATCGCGATCG-1_4","1hr"
"GTCGGGTCAAGCGTAG-1_4","1hr"
"GTCGTAACAAGAAGAG-1_4","1hr"
"GTCGTAACAATAGCAA-1_4","1hr"
"GTCTTCGCAACACCCG-1_4","1hr"
"GTGAAGGCATCGATGT-1_4","1hr"
"GTGAAGGCATCTACGA-1_4","1hr"
"GTGAAGGTCGTCTGAA-1_4","1hr"
"GTGCAGCAGAATGTTG-1_4","1hr"
"GTGCATAAGTGGGTTG-1_4","1hr"
"GTGCATACACCACGTG-1_4","1hr"
"GTGCGGTTCTGAGTGT-1_4","1hr"
"GTGCTTCCATTCGACA-1_4","1hr"
"GTGGGTCAGGTAAACT-1_4","1hr"
"GTGGGTCGTAAAGTCA-1_4","1hr"
"GTGGGTCGTGAGGGTT-1_4","1hr"
"GTGTGCGCATTAACCG-1_4","1hr"
"GTGTGCGGTGCTCTTC-1_4","1hr"
"GTTACAGCATTGTGCA-1_4","1hr"
"GTTCATTCAAACTGCT-1_4","1hr"
"GTTCGGGAGCCCAACC-1_4","1hr"
"GTTCGGGTCTTTAGGG-1_4","1hr"
"GTTCTCGCAACTGCTA-1_4","1hr"
"GTTCTCGGTCAACTGT-1_4","1hr"
"GTTCTCGTCTTGGGTA-1_4","1hr"
"GTTTCTAAGGACACCA-1_4","1hr"
"GTTTCTAGTCACAAGG-1_4","1hr"
"GTTTCTAGTGCGATAG-1_4","1hr"
"TAAACCGTCAAACGGG-1_4","1hr"
"TAAACCGTCGAGCCCA-1_4","1hr"
"TAAGAGAGTGCCTGCA-1_4","1hr"
"TAAGAGATCGCCATAA-1_4","1hr"
"TAAGCGTGTAACGTTC-1_4","1hr"
"TAAGCGTTCCGTAGGC-1_4","1hr"
"TAAGTGCGTCATATGC-1_4","1hr"
"TAAGTGCTCAGTTCGA-1_4","1hr"
"TAAGTGCTCATTATCC-1_4","1hr"
"TACAGTGCAAGCTGTT-1_4","1hr"
"TACAGTGCAGGCAGTA-1_4","1hr"
"TACCTTAGTCCGTGAC-1_4","1hr"
"TACGGATAGAGAGCTC-1_4","1hr"
"TACGGATCAAAGCGGT-1_4","1hr"
"TACGGGCTCAGTTAGC-1_4","1hr"
"TACGGTAGTCCGACGT-1_4","1hr"
"TACGGTATCTGGGCCA-1_4","1hr"
"TACTCATCAGTATCTG-1_4","1hr"
"TACTCGCTCAAAGTAG-1_4","1hr"
"TACTTGTAGGGTATCG-1_4","1hr"
"TACTTGTGTTCCACAA-1_4","1hr"
"TAGACCAAGATCTGAA-1_4","1hr"
"TAGAGCTAGTAGGTGC-1_4","1hr"
"TAGAGCTCAACCGCCA-1_4","1hr"
"TAGAGCTGTCGGCTCA-1_4","1hr"
"TAGCCGGTCGGCGCAT-1_4","1hr"
"TAGGCATCATGCCCGA-1_4","1hr"
"TAGGCATGTTGTCTTT-1_4","1hr"
"TAGGCATTCCCTCAGT-1_4","1hr"
"TAGTGGTAGGACAGAA-1_4","1hr"
"TAGTGGTGTTTAAGCC-1_4","1hr"
"TATCAGGGTCTTCTCG-1_4","1hr"
"TATCAGGGTTATGTGC-1_4","1hr"
"TATCTCACACGTCAGC-1_4","1hr"
"TATCTCAGTTATGCGT-1_4","1hr"
"TATGCCCGTACTCAAC-1_4","1hr"
"TATGCCCGTAGGGACT-1_4","1hr"
"TATTACCCAATGGAGC-1_4","1hr"
"TCAATCTCAGTCAGCC-1_4","1hr"
"TCACAAGAGAGAACAG-1_4","1hr"
"TCACAAGGTTGTGGAG-1_4","1hr"
"TCAGCAACAATGACCT-1_4","1hr"
"TCAGCAATCAGTGTTG-1_4","1hr"
"TCAGCTCTCAACACGT-1_4","1hr"
"TCAGCTCTCTCTGTCG-1_4","1hr"
"TCCACACAGTAGGTGC-1_4","1hr"
"TCGCGAGCACGGCCAT-1_4","1hr"
"TCGCGTTGTATCAGTC-1_4","1hr"
"TCGGTAACAGTATCTG-1_4","1hr"
"TCGGTAAGTCGGCTCA-1_4","1hr"
"TCGGTAAGTGATGATA-1_4","1hr"
"TCGTACCTCCTTTCGG-1_4","1hr"
"TCGTACCTCGGAGCAA-1_4","1hr"
"TCGTAGACAACACGCC-1_4","1hr"
"TCTGAGACACTGTGTA-1_4","1hr"
"TCTGGAAAGCGACGTA-1_4","1hr"
"TCTTTCCGTGTGAAAT-1_4","1hr"
"TCTTTCCTCACATAGC-1_4","1hr"
"TGAAAGATCTACTCAT-1_4","1hr"
"TGACAACTCCGGCACA-1_4","1hr"
"TGACTAGCAACCGCCA-1_4","1hr"
"TGACTAGGTGCATCTA-1_4","1hr"
"TGACTAGGTTGATTCG-1_4","1hr"
"TGACTTTTCTGCGACG-1_4","1hr"
"TGAGAGGGTACCGTTA-1_4","1hr"
"TGAGAGGTCCCTCAGT-1_4","1hr"
"TGAGCCGAGGCATGGT-1_4","1hr"
"TGAGCCGTCGCTTGTC-1_4","1hr"
"TGATTTCTCCCAAGTA-1_4","1hr"
"TGCACCTTCGTGGTCG-1_4","1hr"
"TGCCAAAAGTTCGCGC-1_4","1hr"
"TGCCAAATCGCAAACT-1_4","1hr"
"TGCCCATCAAAGCAAT-1_4","1hr"
"TGCGCAGAGTTATCGC-1_4","1hr"
"TGCGGGTAGTTGTAGA-1_4","1hr"
"TGCGGGTTCGGAAATA-1_4","1hr"
"TGCGGGTTCGTATCAG-1_4","1hr"
"TGCGTGGCATGACATC-1_4","1hr"
"TGCTACCAGACAAAGG-1_4","1hr"
"TGGACGCCATGGTAGG-1_4","1hr"
"TGGCCAGAGTAGCGGT-1_4","1hr"
"TGGCCAGCAGGTCCAC-1_4","1hr"
"TGGCGCAAGCAACGGT-1_4","1hr"
"TGGGCGTTCGACAGCC-1_4","1hr"
"TGGTTCCCAAGTAGTA-1_4","1hr"
"TGGTTCCGTTCCCGAG-1_4","1hr"
"TGTATTCGTGGCGAAT-1_4","1hr"
"TGTGTTTGTGATGATA-1_4","1hr"
"TGTGTTTTCTGCGGCA-1_4","1hr"
"TGTTCCGTCCCTAACC-1_4","1hr"
"TTAGGCAAGACAATAC-1_4","1hr"
"TTATGCTAGGAGCGTT-1_4","1hr"
"TTATGCTCAAAGCGGT-1_4","1hr"
"TTCCCAGAGATCTGCT-1_4","1hr"
"TTCGAAGGTCTCTTAT-1_4","1hr"
"TTCGGTCCATCTCGCT-1_4","1hr"
"TTCTCAATCAGGCCCA-1_4","1hr"
"TTCTTAGTCACAAACC-1_4","1hr"
"TTGCCGTAGGTGCTTT-1_4","1hr"
"TTGCCGTGTGTTTGGT-1_4","1hr"
"TTGCCGTTCGCCAGCA-1_4","1hr"
"TTGGCAAGTAAACGCG-1_4","1hr"
"TTGGCAAGTTTGGGCC-1_4","1hr"
"TTTACTGAGAAGATTC-1_4","1hr"
"TTTACTGCAGCATACT-1_4","1hr"
"TTTACTGTCGAGGTAG-1_4","1hr"
"TTTCCTCAGCAACGGT-1_4","1hr"
"TTTCCTCAGTACGCGA-1_4","1hr"
"TTTGGTTGTGCAGACA-1_4","1hr"
"TTTGTCAAGAAAGTGG-1_4","1hr"
"TTTGTCAGTGCACTTA-1_4","1hr"
"AAACGGGTCAGATAAG-1_5","3hr"
"AAAGATGAGGCTAGCA-1_5","3hr"
"AAAGATGTCCCTAACC-1_5","3hr"
"AAAGCAAAGGAATTAC-1_5","3hr"
"AAAGCAATCGCGTAGC-1_5","3hr"
"AAAGTAGAGACGACGT-1_5","3hr"
"AAAGTAGGTACATCCA-1_5","3hr"
"AACCATGTCTGCAGTA-1_5","3hr"
"AACTCAGGTCAGCTAT-1_5","3hr"
"AACTTTCAGCTTATCG-1_5","3hr"
"AACTTTCGTGATGCCC-1_5","3hr"
"AAGACCTCACTGCCAG-1_5","3hr"
"AAGGAGCCAAGAGTCG-1_5","3hr"
"AAGGAGCCACCAGCAC-1_5","3hr"
"AAGTCTGAGATGCCAG-1_5","3hr"
"ACACCAAAGGACCACA-1_5","3hr"
"ACACCAACACTTAAGC-1_5","3hr"
"ACACCAAGTTGCTCCT-1_5","3hr"
"ACACCAATCAGCTCTC-1_5","3hr"
"ACACCAATCCCATTAT-1_5","3hr"
"ACACCCTAGCTAGGCA-1_5","3hr"
"ACACCCTGTCACCCAG-1_5","3hr"
"ACACCGGTCTGGTTCC-1_5","3hr"
"ACACTGATCGCGATCG-1_5","3hr"
"ACAGCCGCACGAAATA-1_5","3hr"
"ACAGCTACACCGCTAG-1_5","3hr"
"ACATGGTGTCTTGTCC-1_5","3hr"
"ACATGGTTCGCCGTGA-1_5","3hr"
"ACCTTTATCTGTTTGT-1_5","3hr"
"ACGAGCCAGGCTCATT-1_5","3hr"
"ACGAGCCGTACCGTAT-1_5","3hr"
"ACGATACGTTACGGAG-1_5","3hr"
"ACGCCAGGTGTGCCTG-1_5","3hr"
"ACGGAGAGTCAGTGGA-1_5","3hr"
"ACGGCCATCTCCCTGA-1_5","3hr"
"ACGGGCTCACTTACGA-1_5","3hr"
"ACGTCAATCGCAAGCC-1_5","3hr"
"ACTATCTAGACAGACC-1_5","3hr"
"AGAATAGCAGTTCATG-1_5","3hr"
"AGACGTTAGTACGATA-1_5","3hr"
"AGACGTTAGTGTACCT-1_5","3hr"
"AGAGCGACAGTACACT-1_5","3hr"
"AGAGCTTGTCTCCATC-1_5","3hr"
"AGAGTGGCAATGGAAT-1_5","3hr"
"AGATCTGAGTAACCCT-1_5","3hr"
"AGATTGCCAGAGCCAA-1_5","3hr"
"AGCATACCATCGGACC-1_5","3hr"
"AGCCTAAGTTCAGACT-1_5","3hr"
"AGCCTAAGTTGTCTTT-1_5","3hr"
"AGCGGTCAGACAGAGA-1_5","3hr"
"AGCGGTCCAGACGTAG-1_5","3hr"
"AGCGGTCCATTGGGCC-1_5","3hr"
"AGCGGTCTCAAGAAGT-1_5","3hr"
"AGCGTATAGCTGATAA-1_5","3hr"
"AGCGTATTCACCGGGT-1_5","3hr"
"AGCTCCTCATCCGGGT-1_5","3hr"
"AGCTCTCAGATATGCA-1_5","3hr"
"AGCTTGACAAACTGCT-1_5","3hr"
"AGCTTGAGTCTTCTCG-1_5","3hr"
"AGGCCGTAGGTGCAAC-1_5","3hr"
"AGGGATGCAATAGCGG-1_5","3hr"
"AGTCTTTCAAGACGTG-1_5","3hr"
"AGTCTTTCAGGAATCG-1_5","3hr"
"AGTCTTTGTGTCGCTG-1_5","3hr"
"AGTGAGGCAGTCACTA-1_5","3hr"
"AGTGGGAAGAGGGATA-1_5","3hr"
"ATAACGCAGAACTGTA-1_5","3hr"
"ATAACGCCATCCGCGA-1_5","3hr"
"ATAACGCGTATCACCA-1_5","3hr"
"ATAAGAGAGGATGGTC-1_5","3hr"
"ATAGACCTCCGCATAA-1_5","3hr"
"ATCATCTCATCCAACA-1_5","3hr"
"ATCATGGCATGCAACT-1_5","3hr"
"ATCCGAACAGACGTAG-1_5","3hr"
"ATGAGGGAGACAAGCC-1_5","3hr"
"ATGAGGGGTATAGGTA-1_5","3hr"
"ATGAGGGGTTTAGGAA-1_5","3hr"
"ATGCGATGTCACCTAA-1_5","3hr"
"ATGGGAGTCCTAAGTG-1_5","3hr"
"ATGTGTGAGGAGTTTA-1_5","3hr"
"ATTACTCCAACAACCT-1_5","3hr"
"ATTATCCTCGACAGCC-1_5","3hr"
"ATTCTACTCGCGTTTC-1_5","3hr"
"ATTTCTGCACTTGGAT-1_5","3hr"
"CAACCAACAAGCTGGA-1_5","3hr"
"CAACCAATCATCGCTC-1_5","3hr"
"CAACCTCGTGGGTCAA-1_5","3hr"
"CAAGGCCGTATCAGTC-1_5","3hr"
"CAAGTTGAGAGCTGGT-1_5","3hr"
"CACACAAAGAGACGAA-1_5","3hr"
"CACACAATCTCGGACG-1_5","3hr"
"CACACTCTCTGTTTGT-1_5","3hr"
"CACAGTAGTTTCCACC-1_5","3hr"
"CACATAGTCTCCAGGG-1_5","3hr"
"CACTCCAAGAGTCGGT-1_5","3hr"
"CACTCCATCGTTGACA-1_5","3hr"
"CAGAATCGTGCAACGA-1_5","3hr"
"CAGCAGCAGCACCGTC-1_5","3hr"
"CAGCCGAGTTACAGAA-1_5","3hr"
"CAGCGACGTACCTACA-1_5","3hr"
"CAGCTAAAGGCTACGA-1_5","3hr"
"CAGCTGGAGTGTCCAT-1_5","3hr"
"CAGGTGCCAGTCCTTC-1_5","3hr"
"CAGGTGCGTTCAACCA-1_5","3hr"
"CAGTCCTGTGAGGGTT-1_5","3hr"
"CATATGGTCCTTGGTC-1_5","3hr"
"CATCAGAAGTAGTGCG-1_5","3hr"
"CATCGAAAGTTGTAGA-1_5","3hr"
"CATCGAATCATCTGCC-1_5","3hr"
"CATGGCGTCACGACTA-1_5","3hr"
"CATTATCGTGCCTTGG-1_5","3hr"
"CCAATCCCAAGTTCTG-1_5","3hr"
"CCAATCCCATTGAGCT-1_5","3hr"
"CCAATCCTCAGCAACT-1_5","3hr"
"CCACGGATCAGGATCT-1_5","3hr"
"CCACGGATCGCATGAT-1_5","3hr"
"CCACGGATCGCCATAA-1_5","3hr"
"CCATGTCAGAATTGTG-1_5","3hr"
"CCGGTAGGTACCGTTA-1_5","3hr"
"CCGTGGACAGCTATTG-1_5","3hr"
"CCTAAAGAGTGAAGAG-1_5","3hr"
"CCTACCAGTAAGTGTA-1_5","3hr"
"CCTACCATCTAGCACA-1_5","3hr"
"CCTATTAAGAGTCTGG-1_5","3hr"
"CCTCTGACATGATCCA-1_5","3hr"
"CCTCTGATCCGCAGTG-1_5","3hr"
"CCTTACGCAAGGGTCA-1_5","3hr"
"CCTTACGGTACGACCC-1_5","3hr"
"CCTTCCCAGATCTGAA-1_5","3hr"
"CCTTTCTCACACATGT-1_5","3hr"
"CCTTTCTGTAGCCTCG-1_5","3hr"
"CGAACATTCACCCGAG-1_5","3hr"
"CGAACATTCCCTAATT-1_5","3hr"
"CGAATGTCATATGGTC-1_5","3hr"
"CGACTTCAGGTGTGGT-1_5","3hr"
"CGACTTCCACGAAAGC-1_5","3hr"
"CGACTTCCACGCGAAA-1_5","3hr"
"CGACTTCCAGACGCAA-1_5","3hr"
"CGAGCCACAGATAATG-1_5","3hr"
"CGATTGACATTTCAGG-1_5","3hr"
"CGCCAAGAGCGATCCC-1_5","3hr"
"CGCGGTAAGGCAGTCA-1_5","3hr"
"CGCGTTTAGCATCATC-1_5","3hr"
"CGGCTAGTCGACAGCC-1_5","3hr"
"CGGTTAAAGTCGATAA-1_5","3hr"
"CGGTTAATCAGCTCTC-1_5","3hr"
"CGTAGCGAGCGTTGCC-1_5","3hr"
"CGTAGGCAGGTGCACA-1_5","3hr"
"CGTCACTTCAGGTTCA-1_5","3hr"
"CGTCACTTCCAAATGC-1_5","3hr"
"CGTCCATCAAGAGGCT-1_5","3hr"
"CGTCTACGTAATCACC-1_5","3hr"
"CGTGAGCAGTCATCCA-1_5","3hr"
"CGTTGGGCAACTGCGC-1_5","3hr"
"CTAACTTCACGTCTCT-1_5","3hr"
"CTACATTTCTGGTATG-1_5","3hr"
"CTACGTCAGCGTAATA-1_5","3hr"
"CTACGTCCACAACTGT-1_5","3hr"
"CTAGAGTAGAGCTTCT-1_5","3hr"
"CTAGAGTTCCGTCAAA-1_5","3hr"
"CTCACACCACATGGGA-1_5","3hr"
"CTCGAAATCCCTAATT-1_5","3hr"
"CTCGGGAGTCCTGCTT-1_5","3hr"
"CTCGGGATCGGATGTT-1_5","3hr"
"CTCGTACAGGAGTTGC-1_5","3hr"
"CTCTAATAGCCCTAAT-1_5","3hr"
"CTCTAATCACGGTTTA-1_5","3hr"
"CTCTGGTCAATCGGTT-1_5","3hr"
"CTCTGGTTCCGCATAA-1_5","3hr"
"CTGAAGTCAGTGGGAT-1_5","3hr"
"CTGATAGCAAATTGCC-1_5","3hr"
"CTGATAGGTACTTCTT-1_5","3hr"
"CTGATAGGTCAATACC-1_5","3hr"
"CTGATAGTCCATGAGT-1_5","3hr"
"CTGATCCAGTACGATA-1_5","3hr"
"CTGATCCAGTGTCCCG-1_5","3hr"
"CTGATCCGTCAATACC-1_5","3hr"
"CTGCCTACAAAGAATC-1_5","3hr"
"CTGCCTAGTGTGAATA-1_5","3hr"
"CTGCTGTCACAGATTC-1_5","3hr"
"CTGCTGTGTACCAGTT-1_5","3hr"
"CTGTGCTTCGTCCGTT-1_5","3hr"
"CTGTTTAAGCAGCGTA-1_5","3hr"
"CTTAGGACAATAGAGT-1_5","3hr"
"CTTAGGATCTAACCGA-1_5","3hr"
"CTTTGCGAGATGCCTT-1_5","3hr"
"GAAACTCGTTGGTTTG-1_5","3hr"
"GAAATGAAGCTCCCAG-1_5","3hr"
"GAAGCAGCAAGGCTCC-1_5","3hr"
"GAATAAGCATTAGGCT-1_5","3hr"
"GAATGAACATCTCCCA-1_5","3hr"
"GAATGAAGTTACGTCA-1_5","3hr"
"GACACGCTCTTGAGAC-1_5","3hr"
"GACAGAGTCCAAAGTC-1_5","3hr"
"GACCAATAGTGTTAGA-1_5","3hr"
"GACCTGGAGGCCCTTG-1_5","3hr"
"GACGCGTAGGGTCTCC-1_5","3hr"
"GACGCGTTCCACGTTC-1_5","3hr"
"GACGGCTCATCTACGA-1_5","3hr"
"GACGGCTTCCGTTGTC-1_5","3hr"
"GACGGCTTCGATAGAA-1_5","3hr"
"GACGTGCAGATCGATA-1_5","3hr"
"GACTAACCAATCACAC-1_5","3hr"
"GACTGCGCAAGCGATG-1_5","3hr"
"GACTGCGGTGCCTGGT-1_5","3hr"
"GAGGTGATCGGCCGAT-1_5","3hr"
"GATCGATTCGCGCCAA-1_5","3hr"
"GATGAGGGTCGAGATG-1_5","3hr"
"GATGAGGGTTGAACTC-1_5","3hr"
"GCAAACTAGAACAACT-1_5","3hr"
"GCAAACTGTCCAGTGC-1_5","3hr"
"GCACATACATCCGTGG-1_5","3hr"
"GCACATAGTGCCTGCA-1_5","3hr"
"GCACTCTAGACAAAGG-1_5","3hr"
"GCAGCCAAGTGGTAAT-1_5","3hr"
"GCATGCGGTGCGATAG-1_5","3hr"
"GCGCAACTCTTTAGTC-1_5","3hr"
"GCGCAGTGTGACGGTA-1_5","3hr"
"GCGCCAAGTGACCAAG-1_5","3hr"
"GCGCGATAGCTGCAAG-1_5","3hr"
"GCGCGATCAGTAGAGC-1_5","3hr"
"GCGGGTTGTAAGTGTA-1_5","3hr"
"GCTCCTACAGGGTTAG-1_5","3hr"
"GCTCCTATCGGCTACG-1_5","3hr"
"GCTTCCACAAGAAGAG-1_5","3hr"
"GCTTCCACAGGCTGAA-1_5","3hr"
"GCTTCCAGTGTCCTCT-1_5","3hr"
"GCTTCCATCTCCAGGG-1_5","3hr"
"GGAACTTCACCGGAAA-1_5","3hr"
"GGAATAAAGGACTGGT-1_5","3hr"
"GGACAAGGTCCTGCTT-1_5","3hr"
"GGACAAGTCTTTCCTC-1_5","3hr"
"GGACAGACAGACACTT-1_5","3hr"
"GGACAGACAGCGAACA-1_5","3hr"
"GGACAGACAGTAAGCG-1_5","3hr"
"GGACAGATCAATCACG-1_5","3hr"
"GGACAGATCTGCAAGT-1_5","3hr"
"GGAGCAATCTGAAAGA-1_5","3hr"
"GGATTACTCCGCGCAA-1_5","3hr"
"GGCCGATGTAGAGTGC-1_5","3hr"
"GGGAATGTCTTACCGC-1_5","3hr"
"GGGAGATCAAGCTGTT-1_5","3hr"
"GGGCATCGTTATCGGT-1_5","3hr"
"GGGTTGCGTACGCTGC-1_5","3hr"
"GGTATTGTCACGCATA-1_5","3hr"
"GGTGAAGCATGGAATA-1_5","3hr"
"GTAACTGTCTGTGCAA-1_5","3hr"
"GTACGTACATTAACCG-1_5","3hr"
"GTACGTAGTAGAAAGG-1_5","3hr"
"GTAGTCATCGGTCTAA-1_5","3hr"
"GTATCTTCAAGCGATG-1_5","3hr"
"GTATCTTCACAGACAG-1_5","3hr"
"GTATCTTCAGATCTGT-1_5","3hr"
"GTATTCTCAGCTGGCT-1_5","3hr"
"GTATTCTTCCACGTGG-1_5","3hr"
"GTCAAGTAGCTAGTCT-1_5","3hr"
"GTCAAGTAGGGAACGG-1_5","3hr"
"GTCACGGCATTCACTT-1_5","3hr"
"GTCGTAATCAAAGTAG-1_5","3hr"
"GTCTTCGTCAACCATG-1_5","3hr"
"GTGCAGCAGCCACTAT-1_5","3hr"
"GTGGGTCAGCCACCTG-1_5","3hr"
"GTTACAGGTAGTAGTA-1_5","3hr"
"GTTACAGGTCAGGACA-1_5","3hr"
"GTTACAGGTGCCTTGG-1_5","3hr"
"GTTCATTCAAAGCGGT-1_5","3hr"
"GTTCTCGCACATCCGG-1_5","3hr"
"GTTTCTAAGCGTGTCC-1_5","3hr"
"TAAGAGATCCATTCTA-1_5","3hr"
"TACACGAGTGGGTATG-1_5","3hr"
"TACGGTACAAACGCGA-1_5","3hr"
"TACGGTACAAGGACTG-1_5","3hr"
"TACTCATCACGAGGTA-1_5","3hr"
"TACTCGCCAAGCGCTC-1_5","3hr"
"TACTTACGTACATGTC-1_5","3hr"
"TACTTGTCATGCGCAC-1_5","3hr"
"TAGAGCTGTGCAGGTA-1_5","3hr"
"TAGAGCTTCACCGGGT-1_5","3hr"
"TAGCCGGGTGCACGAA-1_5","3hr"
"TATCAGGGTTCCACAA-1_5","3hr"
"TATCTCAAGGAATTAC-1_5","3hr"
"TATTACCAGAGCCCAA-1_5","3hr"
"TATTACCCAAGTTCTG-1_5","3hr"
"TATTACCCAGTATCTG-1_5","3hr"
"TCAACGATCTCCTATA-1_5","3hr"
"TCAGATGCACATTTCT-1_5","3hr"
"TCAGATGCATGTTCCC-1_5","3hr"
"TCAGCTCTCAGCTCTC-1_5","3hr"
"TCAGCTCTCGGTGTTA-1_5","3hr"
"TCATTACAGGGTTTCT-1_5","3hr"
"TCATTACGTACCGGCT-1_5","3hr"
"TCATTACGTTCATGGT-1_5","3hr"
"TCATTTGGTAGCCTAT-1_5","3hr"
"TCGCGTTAGCCTATGT-1_5","3hr"
"TCGCGTTGTTTACTCT-1_5","3hr"
"TCGGTAATCAGGTTCA-1_5","3hr"
"TCTATTGGTACAGTGG-1_5","3hr"
"TCTGAGAGTCATATCG-1_5","3hr"
"TCTGAGAGTCATGCAT-1_5","3hr"
"TCTTTCCCACCAACCG-1_5","3hr"
"TCTTTCCTCTACCTGC-1_5","3hr"
"TGACAACCATGGGACA-1_5","3hr"
"TGACTAGGTTAGGGTG-1_5","3hr"
"TGACTTTCACGGCGTT-1_5","3hr"
"TGACTTTGTGTGCGTC-1_5","3hr"
"TGAGAGGAGCGTAGTG-1_5","3hr"
"TGAGCATGTCTAACGT-1_5","3hr"
"TGAGCATGTGAGTGAC-1_5","3hr"
"TGAGCCGAGGACATTA-1_5","3hr"
"TGAGGGACAGACACTT-1_5","3hr"
"TGCCAAATCGCCGTGA-1_5","3hr"
"TGCCCATCAAGAGTCG-1_5","3hr"
"TGCCCATCACGTAAGG-1_5","3hr"
"TGCGCAGAGTCAAGCG-1_5","3hr"
"TGCGGGTTCCAACCAA-1_5","3hr"
"TGCGTGGAGGTAGCTG-1_5","3hr"
"TGGGCGTTCAACTCTT-1_5","3hr"
"TGTGGTATCTTCAACT-1_5","3hr"
"TGTGTTTTCAGCGATT-1_5","3hr"
"TGTTCCGTCCAGTAGT-1_5","3hr"
"TTAGGACAGTCATGCT-1_5","3hr"
"TTAGGCACACCCAGTG-1_5","3hr"
"TTAGGCATCTATCGCC-1_5","3hr"
"TTAGTTCAGCGATTCT-1_5","3hr"
"TTAGTTCAGCTCCTTC-1_5","3hr"
"TTAGTTCCAGCTGTTA-1_5","3hr"
"TTCTACACACGTCTCT-1_5","3hr"
"TTCTTAGTCGAACGGA-1_5","3hr"
"TTGAACGCAAGTCATC-1_5","3hr"
"TTGCCGTTCCTTGACC-1_5","3hr"
"TTGCGTCGTAGGGACT-1_5","3hr"
"TTGGCAACAGTGACAG-1_5","3hr"
"TTGTAGGAGCCTTGAT-1_5","3hr"
"TTGTAGGAGTTTGCGT-1_5","3hr"
"TTGTAGGCACTATCTT-1_5","3hr"
"TTGTAGGCAGGACCCT-1_5","3hr"
"TTTACTGGTGATGTGG-1_5","3hr"
"TTTATGCCAGGACCCT-1_5","3hr"
"TTTCCTCGTGAGGGAG-1_5","3hr"
"AAAGCAACAAAGTGCG-1_6","5hr"
"ACACCGGTCCCTAACC-1_6","5hr"
"ACATCAGTCAACTCTT-1_6","5hr"
"ACCAGTATCACCCGAG-1_6","5hr"
"ACGTCAAGTTATCGGT-1_6","5hr"
"AGAATAGTCATAGCAC-1_6","5hr"
"AGCTCCTTCAGTTCGA-1_6","5hr"
"AGCTCTCGTGTTTGTG-1_6","5hr"
"AGTGGGAAGGAGTTGC-1_6","5hr"
"AGTGGGACATGCTGGC-1_6","5hr"
"ATAACGCGTCTGGTCG-1_6","5hr"
"ATAACGCTCAGTTCGA-1_6","5hr"
"ATAAGAGCAATTCCTT-1_6","5hr"
"ATCATCTTCTGATTCT-1_6","5hr"
"ATCCACCAGAGAACAG-1_6","5hr"
"ATGAGGGGTCATTAGC-1_6","5hr"
"ATGAGGGTCACCGGGT-1_6","5hr"
"ATTACTCTCTAGAGTC-1_6","5hr"
"CAACCTCGTTTGTTTC-1_6","5hr"
"CAACTAGTCGCCAAAT-1_6","5hr"
"CACACTCAGGCTATCT-1_6","5hr"
"CACAGTACAGGGTATG-1_6","5hr"
"CACTCCACAGCCTATA-1_6","5hr"
"CAGCAGCAGTTCGATC-1_6","5hr"
"CAGCTGGTCCCAGGTG-1_6","5hr"
"CAGGTGCAGATCCGAG-1_6","5hr"
"CAGTCCTGTCTGCAAT-1_6","5hr"
"CATCCACCAGGTTTCA-1_6","5hr"
"CATCCACCAGTCGTGC-1_6","5hr"
"CCCAATCAGGATATAC-1_6","5hr"
"CCCAATCTCCAGATCA-1_6","5hr"
"CCCTCCTCATGGTAGG-1_6","5hr"
"CCTAAAGAGCAGACTG-1_6","5hr"
"CCTATTATCGCCGTGA-1_6","5hr"
"CCTCTGATCACATACG-1_6","5hr"
"CGCGTTTGTACGCTGC-1_6","5hr"
"CGCGTTTGTTAAAGTG-1_6","5hr"
"CGCTATCTCTTTACGT-1_6","5hr"
"CTACACCCACAGGAGT-1_6","5hr"
"CTACATTGTGAAAGAG-1_6","5hr"
"CTCGAGGAGAGCTATA-1_6","5hr"
"CTCTACGGTACAGTTC-1_6","5hr"
"CTGATAGTCATGTGGT-1_6","5hr"
"CTGTTTATCAGCAACT-1_6","5hr"
"GAACATCGTGCGATAG-1_6","5hr"
"GACGTTACACACTGCG-1_6","5hr"
"GATCGTACATTCACTT-1_6","5hr"
"GATGAGGAGTAATCCC-1_6","5hr"
"GATTCAGAGAGCTGGT-1_6","5hr"
"GCATGTAAGATCTGAA-1_6","5hr"
"GCCAAATAGAAACGCC-1_6","5hr"
"GCCTCTAAGACCTTTG-1_6","5hr"
"GCGGGTTCAAAGTGCG-1_6","5hr"
"GCTGCGACAGCTGCTG-1_6","5hr"
"GGATGTTCAATCCAAC-1_6","5hr"
"GGCCGATGTGCTTCTC-1_6","5hr"
"GGCGTGTTCATCGGAT-1_6","5hr"
"GGCTCGACACGTCAGC-1_6","5hr"
"GGGTCTGAGTTATCGC-1_6","5hr"
"GGTGAAGTCTGCGTAA-1_6","5hr"
"GTAGGCCTCGCATGAT-1_6","5hr"
"GTCACGGGTTCTGAAC-1_6","5hr"
"GTCTTCGGTAGCCTCG-1_6","5hr"
"GTGAAGGTCTTACCTA-1_6","5hr"
"GTGCAGCGTGCTAGCC-1_6","5hr"
"GTGTTAGAGGGCTTGA-1_6","5hr"
"TACAGTGAGGACAGAA-1_6","5hr"
"TACCTTATCAAACAAG-1_6","5hr"
"TAGAGCTTCCCAACGG-1_6","5hr"
"TAGTGGTAGCTCTCGG-1_6","5hr"
"TAGTTGGAGAGACGAA-1_6","5hr"
"TCAATCTAGCTAGTTC-1_6","5hr"
"TCGAGGCAGAAACCTA-1_6","5hr"
"TCGAGGCCATCAGTCA-1_6","5hr"
"TCGTACCTCAATAAGG-1_6","5hr"
"TCTTCGGCATGAAGTA-1_6","5hr"
"TCTTTCCTCCTGCTTG-1_6","5hr"
"TGACTAGTCCACGCAG-1_6","5hr"
"TGACTAGTCGGCGCAT-1_6","5hr"
"TGAGCATTCAGAGACG-1_6","5hr"
"TGAGCCGCAGGAATGC-1_6","5hr"
"TGGACGCAGAGACGAA-1_6","5hr"
"TTAGGCAAGCGCTTAT-1_6","5hr"
"TTATGCTAGTCCATAC-1_6","5hr"
"TTCCCAGGTCGCGTGT-1_6","5hr"
"TTCTACAAGCCGGTAA-1_6","5hr"
"TTCTCCTTCCCTTGTG-1_6","5hr"
"TTCTTAGCATCCGTGG-1_6","5hr"
"TTGAACGTCTTTACGT-1_6","5hr"
"TTGACTTGTCACTTCC-1_6","5hr"
"TTGACTTTCGTTTATC-1_6","5hr"
"TTGGAACGTCTGCCAG-1_6","5hr"
"TTGGCAAGTAGAGGAA-1_6","5hr"
"TTGTAGGTCACAAACC-1_6","5hr"
"TTTGTCATCCAAACTG-1_6","5hr"
"AATCGGTTCGTCTGCT-1_7","10hr"
"ACACCAAAGAGCTATA-1_7","10hr"
"ATTATCCGTGGGTCAA-1_7","10hr"
"ATTGGACGTCGCGTGT-1_7","10hr"
"CAGCCGACACGGTTTA-1_7","10hr"
"CAGCCGACAGTTAACC-1_7","10hr"
"CCCATACAGCCTTGAT-1_7","10hr"
"CCCTCCTAGTAGCCGA-1_7","10hr"
"CGATCGGGTGACGCCT-1_7","10hr"
"CGTTCTGGTCATCGGC-1_7","10hr"
"CTAGCCTCAGCTTAAC-1_7","10hr"
"CTGTGCTAGTGGCACA-1_7","10hr"
"CTTAGGAAGCACACAG-1_7","10hr"
"CTTTGCGGTCTCCATC-1_7","10hr"
"GAAATGACATATGCTG-1_7","10hr"
"GAAGCAGGTATAGGGC-1_7","10hr"
"GATCGTATCGCTGATA-1_7","10hr"
"GCAAACTGTACCGAGA-1_7","10hr"
"GCACTCTGTCAGAGGT-1_7","10hr"
"GGGCACTAGTAGCCGA-1_7","10hr"
"GTAGGCCCAGGAATGC-1_7","10hr"
"GTAGTCACACCCATTC-1_7","10hr"
"GTGCAGCGTTTAAGCC-1_7","10hr"
"GTTCATTCAGTGAGTG-1_7","10hr"
"TACGGGCGTCTTGATG-1_7","10hr"
"TACTTACTCCAAATGC-1_7","10hr"
"TCGAGGCTCCCGGATG-1_7","10hr"
"TCTTTCCGTGTCCTCT-1_7","10hr"
"TGGACGCTCACCAGGC-1_7","10hr"
"TTCGGTCGTCTAGCGC-1_7","10hr"
"TTGACTTTCGTCTGCT-1_7","10hr"
"TTGCGTCTCGTTACAG-1_7","10hr"
"TTTACTGAGGGCTTGA-1_7","10hr"
